deploy	Set up job	﻿2026-02-27T06:13:10.2791273Z Current runner version: '2.331.0'
deploy	Set up job	2026-02-27T06:13:10.2824164Z ##[group]Runner Image Provisioner
deploy	Set up job	2026-02-27T06:13:10.2825016Z Hosted Compute Agent
deploy	Set up job	2026-02-27T06:13:10.2825523Z Version: 20260213.493
deploy	Set up job	2026-02-27T06:13:10.2826083Z Commit: 5c115507f6dd24b8de37d8bbe0bb4509d0cc0fa3
deploy	Set up job	2026-02-27T06:13:10.2826741Z Build Date: 2026-02-13T00:28:41Z
deploy	Set up job	2026-02-27T06:13:10.2827318Z Worker ID: {13d5da1b-4040-49fe-97c1-70105ee65a8e}
deploy	Set up job	2026-02-27T06:13:10.2827949Z Azure Region: westus3
deploy	Set up job	2026-02-27T06:13:10.2828435Z ##[endgroup]
deploy	Set up job	2026-02-27T06:13:10.2829679Z ##[group]Operating System
deploy	Set up job	2026-02-27T06:13:10.2830213Z Ubuntu
deploy	Set up job	2026-02-27T06:13:10.2830710Z 24.04.3
deploy	Set up job	2026-02-27T06:13:10.2831124Z LTS
deploy	Set up job	2026-02-27T06:13:10.2831580Z ##[endgroup]
deploy	Set up job	2026-02-27T06:13:10.2832264Z ##[group]Runner Image
deploy	Set up job	2026-02-27T06:13:10.2832759Z Image: ubuntu-24.04
deploy	Set up job	2026-02-27T06:13:10.2833222Z Version: 20260224.36.1
deploy	Set up job	2026-02-27T06:13:10.2834422Z Included Software: https://github.com/actions/runner-images/blob/ubuntu24/20260224.36/images/ubuntu/Ubuntu2404-Readme.md
deploy	Set up job	2026-02-27T06:13:10.2835937Z Image Release: https://github.com/actions/runner-images/releases/tag/ubuntu24%2F20260224.36
deploy	Set up job	2026-02-27T06:13:10.2836754Z ##[endgroup]
deploy	Set up job	2026-02-27T06:13:10.2837665Z ##[group]GITHUB_TOKEN Permissions
deploy	Set up job	2026-02-27T06:13:10.2839635Z Contents: write
deploy	Set up job	2026-02-27T06:13:10.2840128Z Metadata: read
deploy	Set up job	2026-02-27T06:13:10.2840623Z ##[endgroup]
deploy	Set up job	2026-02-27T06:13:10.2842908Z Secret source: Actions
deploy	Set up job	2026-02-27T06:13:10.2843538Z Prepare workflow directory
deploy	Set up job	2026-02-27T06:13:10.3362762Z Prepare all required actions
deploy	Set up job	2026-02-27T06:13:10.3399454Z Getting action download info
deploy	Set up job	2026-02-27T06:13:10.7803951Z Download action repository 'actions/checkout@v4' (SHA:34e114876b0b11c390a56381ad16ebd13914f8d5)
deploy	Set up job	2026-02-27T06:13:10.8977826Z Download action repository 'google-github-actions/auth@v2' (SHA:c200f3691d83b41bf9bbd8638997a462592937ed)
deploy	Set up job	2026-02-27T06:13:11.6387733Z Download action repository 'google-github-actions/setup-gcloud@v2' (SHA:e427ad8a34f8676edf47cf7d7925499adf3eb74f)
deploy	Set up job	2026-02-27T06:13:12.3570783Z Download action repository 'actions/setup-node@v4' (SHA:49933ea5288caeca8642d1e84afbd3f7d6820020)
deploy	Set up job	2026-02-27T06:13:12.5358334Z Complete job name: deploy
deploy	Checkout code	﻿2026-02-27T06:13:12.6114983Z ##[group]Run actions/checkout@v4
deploy	Checkout code	2026-02-27T06:13:12.6116052Z with:
deploy	Checkout code	2026-02-27T06:13:12.6116482Z   fetch-depth: 0
deploy	Checkout code	2026-02-27T06:13:12.6116958Z   repository: OmniFlexFitness/OmniTask
deploy	Checkout code	2026-02-27T06:13:12.6117760Z   token: ***
deploy	Checkout code	2026-02-27T06:13:12.6118179Z   ssh-strict: true
deploy	Checkout code	2026-02-27T06:13:12.6118619Z   ssh-user: git
deploy	Checkout code	2026-02-27T06:13:12.6119067Z   persist-credentials: true
deploy	Checkout code	2026-02-27T06:13:12.6119557Z   clean: true
deploy	Checkout code	2026-02-27T06:13:12.6120004Z   sparse-checkout-cone-mode: true
deploy	Checkout code	2026-02-27T06:13:12.6120553Z   fetch-tags: false
deploy	Checkout code	2026-02-27T06:13:12.6120993Z   show-progress: true
deploy	Checkout code	2026-02-27T06:13:12.6121456Z   lfs: false
deploy	Checkout code	2026-02-27T06:13:12.6122054Z   submodules: false
deploy	Checkout code	2026-02-27T06:13:12.6122506Z   set-safe-directory: true
deploy	Checkout code	2026-02-27T06:13:12.6123247Z env:
deploy	Checkout code	2026-02-27T06:13:12.6123727Z   PROJECT_ID: ***
deploy	Checkout code	2026-02-27T06:13:12.6124151Z   REGION: us-east1
deploy	Checkout code	2026-02-27T06:13:12.6124614Z   SERVICE_NAME: omnitask
deploy	Checkout code	2026-02-27T06:13:12.6125141Z   ARTIFACT_REGISTRY: us-east1-docker.pkg.dev
deploy	Checkout code	2026-02-27T06:13:12.6125721Z ##[endgroup]
deploy	Checkout code	2026-02-27T06:13:12.7131675Z Syncing repository: OmniFlexFitness/OmniTask
deploy	Checkout code	2026-02-27T06:13:12.7134078Z ##[group]Getting Git version info
deploy	Checkout code	2026-02-27T06:13:12.7135007Z Working directory is '/home/runner/work/OmniTask/OmniTask'
deploy	Checkout code	2026-02-27T06:13:12.7136066Z [command]/usr/bin/git version
deploy	Checkout code	2026-02-27T06:13:12.7164255Z git version 2.53.0
deploy	Checkout code	2026-02-27T06:13:12.7187278Z ##[endgroup]
deploy	Checkout code	2026-02-27T06:13:12.7207893Z Temporarily overriding HOME='/home/runner/work/_temp/e447e2cf-1025-404e-b5bb-de4b873bf49b' before making global git config changes
deploy	Checkout code	2026-02-27T06:13:12.7209467Z Adding repository directory to the temporary git global config as a safe directory
deploy	Checkout code	2026-02-27T06:13:12.7213271Z [command]/usr/bin/git config --global --add safe.directory /home/runner/work/OmniTask/OmniTask
deploy	Checkout code	2026-02-27T06:13:12.7244739Z Deleting the contents of '/home/runner/work/OmniTask/OmniTask'
deploy	Checkout code	2026-02-27T06:13:12.7247947Z ##[group]Initializing the repository
deploy	Checkout code	2026-02-27T06:13:12.7251892Z [command]/usr/bin/git init /home/runner/work/OmniTask/OmniTask
deploy	Checkout code	2026-02-27T06:13:12.7321176Z hint: Using 'master' as the name for the initial branch. This default branch name
deploy	Checkout code	2026-02-27T06:13:12.7323175Z hint: will change to "main" in Git 3.0. To configure the initial branch name
deploy	Checkout code	2026-02-27T06:13:12.7325175Z hint: to use in all of your new repositories, which will suppress this warning,
deploy	Checkout code	2026-02-27T06:13:12.7326307Z hint: call:
deploy	Checkout code	2026-02-27T06:13:12.7326718Z hint:
deploy	Checkout code	2026-02-27T06:13:12.7327239Z hint: 	git config --global init.defaultBranch <name>
deploy	Checkout code	2026-02-27T06:13:12.7327864Z hint:
deploy	Checkout code	2026-02-27T06:13:12.7328455Z hint: Names commonly chosen instead of 'master' are 'main', 'trunk' and
deploy	Checkout code	2026-02-27T06:13:12.7329676Z hint: 'development'. The just-created branch can be renamed via this command:
deploy	Checkout code	2026-02-27T06:13:12.7331106Z hint:
deploy	Checkout code	2026-02-27T06:13:12.7331889Z hint: 	git branch -m <name>
deploy	Checkout code	2026-02-27T06:13:12.7332482Z hint:
deploy	Checkout code	2026-02-27T06:13:12.7333194Z hint: Disable this message with "git config set advice.defaultBranchName false"
deploy	Checkout code	2026-02-27T06:13:12.7334387Z Initialized empty Git repository in /home/runner/work/OmniTask/OmniTask/.git/
deploy	Checkout code	2026-02-27T06:13:12.7337166Z [command]/usr/bin/git remote add origin https://github.com/OmniFlexFitness/OmniTask
deploy	Checkout code	2026-02-27T06:13:12.7365925Z ##[endgroup]
deploy	Checkout code	2026-02-27T06:13:12.7366866Z ##[group]Disabling automatic garbage collection
deploy	Checkout code	2026-02-27T06:13:12.7368992Z [command]/usr/bin/git config --local gc.auto 0
deploy	Checkout code	2026-02-27T06:13:12.7393451Z ##[endgroup]
deploy	Checkout code	2026-02-27T06:13:12.7394257Z ##[group]Setting up auth
deploy	Checkout code	2026-02-27T06:13:12.7398968Z [command]/usr/bin/git config --local --name-only --get-regexp core\.sshCommand
deploy	Checkout code	2026-02-27T06:13:12.7424248Z [command]/usr/bin/git submodule foreach --recursive sh -c "git config --local --name-only --get-regexp 'core\.sshCommand' && git config --local --unset-all 'core.sshCommand' || :"
deploy	Checkout code	2026-02-27T06:13:12.7669929Z [command]/usr/bin/git config --local --name-only --get-regexp http\.https\:\/\/github\.com\/\.extraheader
deploy	Checkout code	2026-02-27T06:13:12.7695340Z [command]/usr/bin/git submodule foreach --recursive sh -c "git config --local --name-only --get-regexp 'http\.https\:\/\/github\.com\/\.extraheader' && git config --local --unset-all 'http.https://github.com/.extraheader' || :"
deploy	Checkout code	2026-02-27T06:13:12.7868230Z [command]/usr/bin/git config --local --name-only --get-regexp ^includeIf\.gitdir:
deploy	Checkout code	2026-02-27T06:13:12.7894404Z [command]/usr/bin/git submodule foreach --recursive git config --local --show-origin --name-only --get-regexp remote.origin.url
deploy	Checkout code	2026-02-27T06:13:12.8072432Z [command]/usr/bin/git config --local http.https://github.com/.extraheader AUTHORIZATION: basic ***
deploy	Checkout code	2026-02-27T06:13:12.8102116Z ##[endgroup]
deploy	Checkout code	2026-02-27T06:13:12.8103412Z ##[group]Fetching the repository
deploy	Checkout code	2026-02-27T06:13:12.8110596Z [command]/usr/bin/git -c protocol.version=2 fetch --prune --no-recurse-submodules origin +refs/heads/*:refs/remotes/origin/* +refs/tags/*:refs/tags/*
deploy	Checkout code	2026-02-27T06:13:16.3385189Z From https://github.com/OmniFlexFitness/OmniTask
deploy	Checkout code	2026-02-27T06:13:16.3387475Z  * [new branch]        add-brand-assets        -> origin/add-brand-assets
deploy	Checkout code	2026-02-27T06:13:16.3389501Z  * [new branch]        codex/implement-task-management-functionality -> origin/codex/implement-task-management-functionality
deploy	Checkout code	2026-02-27T06:13:16.3391280Z  * [new branch]        codex/implement-task-management-functionality-qiwit9 -> origin/codex/implement-task-management-functionality-qiwit9
deploy	Checkout code	2026-02-27T06:13:16.3393097Z  * [new branch]        codex/update-ui-aesthetic-to-omniflex-fitness -> origin/codex/update-ui-aesthetic-to-omniflex-fitness
deploy	Checkout code	2026-02-27T06:13:16.3394790Z  * [new branch]        codex/update-ui-aesthetic-to-omniflex-fitness-2ultla -> origin/codex/update-ui-aesthetic-to-omniflex-fitness-2ultla
deploy	Checkout code	2026-02-27T06:13:16.3396297Z  * [new branch]        copilot/add-version-number-display -> origin/copilot/add-version-number-display
deploy	Checkout code	2026-02-27T06:13:16.3397492Z  * [new branch]        copilot/fix-ui-errors-after-merge -> origin/copilot/fix-ui-errors-after-merge
deploy	Checkout code	2026-02-27T06:13:16.3398838Z  * [new branch]        copilot/sub-pr-34       -> origin/copilot/sub-pr-34
deploy	Checkout code	2026-02-27T06:13:16.3399715Z  * [new branch]        copilot/sub-pr-34-again -> origin/copilot/sub-pr-34-again
deploy	Checkout code	2026-02-27T06:13:16.3400593Z  * [new branch]        copilot/sub-pr-4        -> origin/copilot/sub-pr-4
deploy	Checkout code	2026-02-27T06:13:16.3401567Z  * [new branch]        copilot/update-ui-for-task-columns -> origin/copilot/update-ui-for-task-columns
deploy	Checkout code	2026-02-27T06:13:16.3402298Z  * [new branch]        dev                     -> origin/dev
deploy	Checkout code	2026-02-27T06:13:16.3402822Z  * [new branch]        feature/advanced-custom-fields -> origin/feature/advanced-custom-fields
deploy	Checkout code	2026-02-27T06:13:16.3403509Z  * [new branch]        feature/google-contacts-integration -> origin/feature/google-contacts-integration
deploy	Checkout code	2026-02-27T06:13:16.3404173Z  * [new branch]        feature/project-detail-view -> origin/feature/project-detail-view
deploy	Checkout code	2026-02-27T06:13:16.3404791Z  * [new branch]        feature/project-management-ui -> origin/feature/project-management-ui
deploy	Checkout code	2026-02-27T06:13:16.3405406Z  * [new branch]        fix/login-layout-and-background -> origin/fix/login-layout-and-background
deploy	Checkout code	2026-02-27T06:13:16.3406067Z  * [new branch]        fix/task-state-management-redesign -> origin/fix/task-state-management-redesign
deploy	Checkout code	2026-02-27T06:13:16.3406596Z  * [new branch]        live                    -> origin/live
deploy	Checkout code	2026-02-27T06:13:16.3407005Z  * [new branch]        master                  -> origin/master
deploy	Checkout code	2026-02-27T06:13:16.3407668Z  * [new branch]        ui/input-padding-enhancements -> origin/ui/input-padding-enhancements
deploy	Checkout code	2026-02-27T06:13:16.3408183Z  * [new tag]           v0.0.1                  -> v0.0.1
deploy	Checkout code	2026-02-27T06:13:16.3408541Z  * [new tag]           v0.0.10                 -> v0.0.10
deploy	Checkout code	2026-02-27T06:13:16.3408913Z  * [new tag]           v0.0.11                 -> v0.0.11
deploy	Checkout code	2026-02-27T06:13:16.3409256Z  * [new tag]           v0.0.12                 -> v0.0.12
deploy	Checkout code	2026-02-27T06:13:16.3409608Z  * [new tag]           v0.0.13                 -> v0.0.13
deploy	Checkout code	2026-02-27T06:13:16.3410109Z  * [new tag]           v0.0.14                 -> v0.0.14
deploy	Checkout code	2026-02-27T06:13:16.3410464Z  * [new tag]           v0.0.15                 -> v0.0.15
deploy	Checkout code	2026-02-27T06:13:16.3411064Z  * [new tag]           v0.0.16                 -> v0.0.16
deploy	Checkout code	2026-02-27T06:13:16.3411476Z  * [new tag]           v0.0.17                 -> v0.0.17
deploy	Checkout code	2026-02-27T06:13:16.3411967Z  * [new tag]           v0.0.18                 -> v0.0.18
deploy	Checkout code	2026-02-27T06:13:16.3412318Z  * [new tag]           v0.0.19                 -> v0.0.19
deploy	Checkout code	2026-02-27T06:13:16.3412672Z  * [new tag]           v0.0.2                  -> v0.0.2
deploy	Checkout code	2026-02-27T06:13:16.3413013Z  * [new tag]           v0.0.20                 -> v0.0.20
deploy	Checkout code	2026-02-27T06:13:16.3413384Z  * [new tag]           v0.0.21                 -> v0.0.21
deploy	Checkout code	2026-02-27T06:13:16.3413735Z  * [new tag]           v0.0.22                 -> v0.0.22
deploy	Checkout code	2026-02-27T06:13:16.3414078Z  * [new tag]           v0.0.23                 -> v0.0.23
deploy	Checkout code	2026-02-27T06:13:16.3414424Z  * [new tag]           v0.0.24                 -> v0.0.24
deploy	Checkout code	2026-02-27T06:13:16.3414778Z  * [new tag]           v0.0.25                 -> v0.0.25
deploy	Checkout code	2026-02-27T06:13:16.3415119Z  * [new tag]           v0.0.26                 -> v0.0.26
deploy	Checkout code	2026-02-27T06:13:16.3415485Z  * [new tag]           v0.0.27                 -> v0.0.27
deploy	Checkout code	2026-02-27T06:13:16.3415825Z  * [new tag]           v0.0.28                 -> v0.0.28
deploy	Checkout code	2026-02-27T06:13:16.3416166Z  * [new tag]           v0.0.29                 -> v0.0.29
deploy	Checkout code	2026-02-27T06:13:16.3416505Z  * [new tag]           v0.0.3                  -> v0.0.3
deploy	Checkout code	2026-02-27T06:13:16.3416847Z  * [new tag]           v0.0.30                 -> v0.0.30
deploy	Checkout code	2026-02-27T06:13:16.3417187Z  * [new tag]           v0.0.31                 -> v0.0.31
deploy	Checkout code	2026-02-27T06:13:16.3417525Z  * [new tag]           v0.0.32                 -> v0.0.32
deploy	Checkout code	2026-02-27T06:13:16.3417860Z  * [new tag]           v0.0.33                 -> v0.0.33
deploy	Checkout code	2026-02-27T06:13:16.3418197Z  * [new tag]           v0.0.34                 -> v0.0.34
deploy	Checkout code	2026-02-27T06:13:16.3418532Z  * [new tag]           v0.0.35                 -> v0.0.35
deploy	Checkout code	2026-02-27T06:13:16.3419038Z  * [new tag]           v0.0.36                 -> v0.0.36
deploy	Checkout code	2026-02-27T06:13:16.3419378Z  * [new tag]           v0.0.37                 -> v0.0.37
deploy	Checkout code	2026-02-27T06:13:16.3419726Z  * [new tag]           v0.0.38                 -> v0.0.38
deploy	Checkout code	2026-02-27T06:13:16.3420063Z  * [new tag]           v0.0.39                 -> v0.0.39
deploy	Checkout code	2026-02-27T06:13:16.3420410Z  * [new tag]           v0.0.4                  -> v0.0.4
deploy	Checkout code	2026-02-27T06:13:16.3420748Z  * [new tag]           v0.0.40                 -> v0.0.40
deploy	Checkout code	2026-02-27T06:13:16.3421078Z  * [new tag]           v0.0.41                 -> v0.0.41
deploy	Checkout code	2026-02-27T06:13:16.3421421Z  * [new tag]           v0.0.42                 -> v0.0.42
deploy	Checkout code	2026-02-27T06:13:16.3421899Z  * [new tag]           v0.0.43                 -> v0.0.43
deploy	Checkout code	2026-02-27T06:13:16.3422250Z  * [new tag]           v0.0.5                  -> v0.0.5
deploy	Checkout code	2026-02-27T06:13:16.3422614Z  * [new tag]           v0.0.6                  -> v0.0.6
deploy	Checkout code	2026-02-27T06:13:16.3422969Z  * [new tag]           v0.0.7                  -> v0.0.7
deploy	Checkout code	2026-02-27T06:13:16.3423337Z  * [new tag]           v0.0.8                  -> v0.0.8
deploy	Checkout code	2026-02-27T06:13:16.3423694Z  * [new tag]           v0.0.9                  -> v0.0.9
deploy	Checkout code	2026-02-27T06:13:16.3457618Z [command]/usr/bin/git branch --list --remote origin/live
deploy	Checkout code	2026-02-27T06:13:16.3480028Z   origin/live
deploy	Checkout code	2026-02-27T06:13:16.3487231Z [command]/usr/bin/git rev-parse refs/remotes/origin/live
deploy	Checkout code	2026-02-27T06:13:16.3507880Z f7b724aa099fbff38e33bf13bf1b7364a5051da4
deploy	Checkout code	2026-02-27T06:13:16.3512716Z ##[endgroup]
deploy	Checkout code	2026-02-27T06:13:16.3513432Z ##[group]Determining the checkout info
deploy	Checkout code	2026-02-27T06:13:16.3514548Z ##[endgroup]
deploy	Checkout code	2026-02-27T06:13:16.3519445Z [command]/usr/bin/git sparse-checkout disable
deploy	Checkout code	2026-02-27T06:13:16.3547940Z [command]/usr/bin/git config --local --unset-all extensions.worktreeConfig
deploy	Checkout code	2026-02-27T06:13:16.3569176Z ##[group]Checking out the ref
deploy	Checkout code	2026-02-27T06:13:16.3574489Z [command]/usr/bin/git checkout --progress --force -B live refs/remotes/origin/live
deploy	Checkout code	2026-02-27T06:13:17.4229274Z Updating files:  99% (14872/14884)
deploy	Checkout code	2026-02-27T06:13:17.4229680Z Updating files: 100% (14884/14884)
deploy	Checkout code	2026-02-27T06:13:17.4229927Z Updating files: 100% (14884/14884), done.
deploy	Checkout code	2026-02-27T06:13:17.4388719Z Switched to a new branch 'live'
deploy	Checkout code	2026-02-27T06:13:17.4389252Z branch 'live' set up to track 'origin/live'.
deploy	Checkout code	2026-02-27T06:13:17.4426507Z ##[endgroup]
deploy	Checkout code	2026-02-27T06:13:17.4460161Z [command]/usr/bin/git log -1 --format=%H
deploy	Checkout code	2026-02-27T06:13:17.4479141Z f7b724aa099fbff38e33bf13bf1b7364a5051da4
deploy	Authenticate to Google Cloud	﻿2026-02-27T06:13:17.4696205Z ##[group]Run google-github-actions/auth@v2
deploy	Authenticate to Google Cloud	2026-02-27T06:13:17.4696474Z with:
deploy	Authenticate to Google Cloud	2026-02-27T06:13:17.4697182Z   workload_identity_provider: projects/***/locations/global/workloadIdentityPools/github-pool/providers/github-provider
deploy	Authenticate to Google Cloud	2026-02-27T06:13:17.4697826Z   service_account: github-actions@***.iam.gserviceaccount.com
deploy	Authenticate to Google Cloud	2026-02-27T06:13:17.4698131Z   create_credentials_file: true
deploy	Authenticate to Google Cloud	2026-02-27T06:13:17.4698369Z   export_environment_variables: true
deploy	Authenticate to Google Cloud	2026-02-27T06:13:17.4698616Z   universe: googleapis.com
deploy	Authenticate to Google Cloud	2026-02-27T06:13:17.4698846Z   cleanup_credentials: true
deploy	Authenticate to Google Cloud	2026-02-27T06:13:17.4699067Z   access_token_lifetime: 3600s
deploy	Authenticate to Google Cloud	2026-02-27T06:13:17.4699407Z   access_token_scopes: https://www.googleapis.com/auth/cloud-platform
deploy	Authenticate to Google Cloud	2026-02-27T06:13:17.4699743Z   id_token_include_email: false
deploy	Authenticate to Google Cloud	2026-02-27T06:13:17.4699940Z env:
deploy	Authenticate to Google Cloud	2026-02-27T06:13:17.4700123Z   PROJECT_ID: ***
deploy	Authenticate to Google Cloud	2026-02-27T06:13:17.4700305Z   REGION: us-east1
deploy	Authenticate to Google Cloud	2026-02-27T06:13:17.4700478Z   SERVICE_NAME: omnitask
deploy	Authenticate to Google Cloud	2026-02-27T06:13:17.4700704Z   ARTIFACT_REGISTRY: us-east1-docker.pkg.dev
deploy	Authenticate to Google Cloud	2026-02-27T06:13:17.4700990Z ##[endgroup]
deploy	Authenticate to Google Cloud	2026-02-27T06:13:17.8347582Z Created credentials file at "/home/runner/work/OmniTask/OmniTask/gha-creds-d51642a635009526.json"
deploy	Set up Cloud SDK	﻿2026-02-27T06:13:17.9706390Z ##[group]Run google-github-actions/setup-gcloud@v2
deploy	Set up Cloud SDK	2026-02-27T06:13:17.9706699Z with:
deploy	Set up Cloud SDK	2026-02-27T06:13:17.9706875Z   version: latest
deploy	Set up Cloud SDK	2026-02-27T06:13:17.9707068Z   skip_install: false
deploy	Set up Cloud SDK	2026-02-27T06:13:17.9707264Z   skip_tool_cache: false
deploy	Set up Cloud SDK	2026-02-27T06:13:17.9707459Z env:
deploy	Set up Cloud SDK	2026-02-27T06:13:17.9707871Z   PROJECT_ID: ***
deploy	Set up Cloud SDK	2026-02-27T06:13:17.9708050Z   REGION: us-east1
deploy	Set up Cloud SDK	2026-02-27T06:13:17.9708232Z   SERVICE_NAME: omnitask
deploy	Set up Cloud SDK	2026-02-27T06:13:17.9708454Z   ARTIFACT_REGISTRY: us-east1-docker.pkg.dev
deploy	Set up Cloud SDK	2026-02-27T06:13:17.9708927Z   CLOUDSDK_AUTH_CREDENTIAL_FILE_OVERRIDE: /home/runner/work/OmniTask/OmniTask/gha-creds-d51642a635009526.json
deploy	Set up Cloud SDK	2026-02-27T06:13:17.9709565Z   GOOGLE_APPLICATION_CREDENTIALS: /home/runner/work/OmniTask/OmniTask/gha-creds-d51642a635009526.json
deploy	Set up Cloud SDK	2026-02-27T06:13:17.9710138Z   GOOGLE_GHA_CREDS_PATH: /home/runner/work/OmniTask/OmniTask/gha-creds-d51642a635009526.json
deploy	Set up Cloud SDK	2026-02-27T06:13:17.9710560Z   CLOUDSDK_CORE_PROJECT: ***
deploy	Set up Cloud SDK	2026-02-27T06:13:17.9710800Z   CLOUDSDK_PROJECT: ***
deploy	Set up Cloud SDK	2026-02-27T06:13:17.9711045Z   GCLOUD_PROJECT: ***
deploy	Set up Cloud SDK	2026-02-27T06:13:17.9711252Z   GCP_PROJECT: ***
deploy	Set up Cloud SDK	2026-02-27T06:13:17.9711455Z   GOOGLE_CLOUD_PROJECT: ***
deploy	Set up Cloud SDK	2026-02-27T06:13:17.9711657Z ##[endgroup]
deploy	Set up Cloud SDK	2026-02-27T06:13:19.8472877Z [command]/usr/bin/tar xz --warning=no-unknown-keyword --overwrite -C /home/runner/work/_temp/4782b4ac-2442-466b-9c10-cb1cd92cf93a -f /home/runner/work/_temp/b4f79ad0-7797-4c77-bb16-c07cef2cfd47
deploy	Set up Cloud SDK	2026-02-27T06:13:35.1520989Z Successfully authenticated
deploy	Configure Docker for Artifact Registry	﻿2026-02-27T06:13:35.1685511Z ##[group]Run gcloud auth configure-docker us-east1-docker.pkg.dev
deploy	Configure Docker for Artifact Registry	2026-02-27T06:13:35.1686034Z [36;1mgcloud auth configure-docker us-east1-docker.pkg.dev[0m
deploy	Configure Docker for Artifact Registry	2026-02-27T06:13:35.1721490Z shell: /usr/bin/bash -e {0}
deploy	Configure Docker for Artifact Registry	2026-02-27T06:13:35.1721990Z env:
deploy	Configure Docker for Artifact Registry	2026-02-27T06:13:35.1722358Z   PROJECT_ID: ***
deploy	Configure Docker for Artifact Registry	2026-02-27T06:13:35.1722561Z   REGION: us-east1
deploy	Configure Docker for Artifact Registry	2026-02-27T06:13:35.1722753Z   SERVICE_NAME: omnitask
deploy	Configure Docker for Artifact Registry	2026-02-27T06:13:35.1722990Z   ARTIFACT_REGISTRY: us-east1-docker.pkg.dev
deploy	Configure Docker for Artifact Registry	2026-02-27T06:13:35.1723477Z   CLOUDSDK_AUTH_CREDENTIAL_FILE_OVERRIDE: /home/runner/work/OmniTask/OmniTask/gha-creds-d51642a635009526.json
deploy	Configure Docker for Artifact Registry	2026-02-27T06:13:35.1724116Z   GOOGLE_APPLICATION_CREDENTIALS: /home/runner/work/OmniTask/OmniTask/gha-creds-d51642a635009526.json
deploy	Configure Docker for Artifact Registry	2026-02-27T06:13:35.1724677Z   GOOGLE_GHA_CREDS_PATH: /home/runner/work/OmniTask/OmniTask/gha-creds-d51642a635009526.json
deploy	Configure Docker for Artifact Registry	2026-02-27T06:13:35.1725140Z   CLOUDSDK_CORE_PROJECT: ***
deploy	Configure Docker for Artifact Registry	2026-02-27T06:13:35.1725424Z   CLOUDSDK_PROJECT: ***
deploy	Configure Docker for Artifact Registry	2026-02-27T06:13:35.1725666Z   GCLOUD_PROJECT: ***
deploy	Configure Docker for Artifact Registry	2026-02-27T06:13:35.1725935Z   GCP_PROJECT: ***
deploy	Configure Docker for Artifact Registry	2026-02-27T06:13:35.1726148Z   GOOGLE_CLOUD_PROJECT: ***
deploy	Configure Docker for Artifact Registry	2026-02-27T06:13:35.1726421Z   CLOUDSDK_METRICS_ENVIRONMENT: github-actions-setup-gcloud
deploy	Configure Docker for Artifact Registry	2026-02-27T06:13:35.1726755Z   CLOUDSDK_METRICS_ENVIRONMENT_VERSION: 2.2.1
deploy	Configure Docker for Artifact Registry	2026-02-27T06:13:35.1727006Z ##[endgroup]
deploy	Configure Docker for Artifact Registry	2026-02-27T06:13:35.6019044Z Adding credentials for: us-east1-docker.pkg.dev
deploy	Configure Docker for Artifact Registry	2026-02-27T06:13:35.6022515Z After update, the following will be written to your Docker config file located 
deploy	Configure Docker for Artifact Registry	2026-02-27T06:13:35.6023266Z at [/home/runner/.docker/config.json]:
deploy	Configure Docker for Artifact Registry	2026-02-27T06:13:35.6023727Z  {
deploy	Configure Docker for Artifact Registry	2026-02-27T06:13:35.6024082Z   "credHelpers": {
deploy	Configure Docker for Artifact Registry	2026-02-27T06:13:35.6024469Z     "us-east1-docker.pkg.dev": "gcloud"
deploy	Configure Docker for Artifact Registry	2026-02-27T06:13:35.6024915Z   }
deploy	Configure Docker for Artifact Registry	2026-02-27T06:13:35.6025192Z }
deploy	Configure Docker for Artifact Registry	2026-02-27T06:13:35.6025357Z 
deploy	Configure Docker for Artifact Registry	2026-02-27T06:13:35.6025542Z Do you want to continue (Y/n)?  
deploy	Configure Docker for Artifact Registry	2026-02-27T06:13:35.6235634Z Docker configuration file updated.
deploy	Get version	﻿2026-02-27T06:13:35.7448546Z ##[group]Run # Get the latest tag or start from v0.0.00
deploy	Get version	2026-02-27T06:13:35.7448978Z [36;1m# Get the latest tag or start from v0.0.00[0m
deploy	Get version	2026-02-27T06:13:35.7449372Z [36;1mLATEST_TAG=$(git describe --tags --abbrev=0 2>/dev/null || echo "v0.0.00")[0m
deploy	Get version	2026-02-27T06:13:35.7449744Z [36;1m# Extract version numbers[0m
deploy	Get version	2026-02-27T06:13:35.7450031Z [36;1mMAJOR=$(echo $LATEST_TAG | cut -d. -f1 | tr -d 'v')[0m
deploy	Get version	2026-02-27T06:13:35.7450355Z [36;1mMINOR=$(echo $LATEST_TAG | cut -d. -f2)[0m
deploy	Get version	2026-02-27T06:13:35.7450634Z [36;1mPATCH=$(echo $LATEST_TAG | cut -d. -f3)[0m
deploy	Get version	2026-02-27T06:13:35.7451003Z [36;1m# Increment patch version by 1 (display format will be .01, .02, etc.)[0m
deploy	Get version	2026-02-27T06:13:35.7451352Z [36;1mNEW_PATCH=$((PATCH + 1))[0m
deploy	Get version	2026-02-27T06:13:35.7451645Z [36;1m# Format patch with leading zero if needed (01, 02, etc.)[0m
deploy	Get version	2026-02-27T06:13:35.7452174Z [36;1mFORMATTED_PATCH=$(printf "%02d" $NEW_PATCH)[0m
deploy	Get version	2026-02-27T06:13:35.7452655Z [36;1mNEW_VERSION="v${MAJOR}.${MINOR}.${FORMATTED_PATCH}"[0m
deploy	Get version	2026-02-27T06:13:35.7453055Z [36;1mDISPLAY_VERSION="${MAJOR}.${MINOR}.${FORMATTED_PATCH}"[0m
deploy	Get version	2026-02-27T06:13:35.7453402Z [36;1mecho "version=$NEW_VERSION" >> $GITHUB_OUTPUT[0m
deploy	Get version	2026-02-27T06:13:35.7453727Z [36;1mecho "display_version=$DISPLAY_VERSION" >> $GITHUB_OUTPUT[0m
deploy	Get version	2026-02-27T06:13:35.7454103Z [36;1mecho "New version: $NEW_VERSION (Display: $DISPLAY_VERSION)"[0m
deploy	Get version	2026-02-27T06:13:35.7481479Z shell: /usr/bin/bash -e {0}
deploy	Get version	2026-02-27T06:13:35.7482139Z env:
deploy	Get version	2026-02-27T06:13:35.7482619Z   PROJECT_ID: ***
deploy	Get version	2026-02-27T06:13:35.7482814Z   REGION: us-east1
deploy	Get version	2026-02-27T06:13:35.7483003Z   SERVICE_NAME: omnitask
deploy	Get version	2026-02-27T06:13:35.7483236Z   ARTIFACT_REGISTRY: us-east1-docker.pkg.dev
deploy	Get version	2026-02-27T06:13:35.7483718Z   CLOUDSDK_AUTH_CREDENTIAL_FILE_OVERRIDE: /home/runner/work/OmniTask/OmniTask/gha-creds-d51642a635009526.json
deploy	Get version	2026-02-27T06:13:35.7484356Z   GOOGLE_APPLICATION_CREDENTIALS: /home/runner/work/OmniTask/OmniTask/gha-creds-d51642a635009526.json
deploy	Get version	2026-02-27T06:13:35.7484947Z   GOOGLE_GHA_CREDS_PATH: /home/runner/work/OmniTask/OmniTask/gha-creds-d51642a635009526.json
deploy	Get version	2026-02-27T06:13:35.7485373Z   CLOUDSDK_CORE_PROJECT: ***
deploy	Get version	2026-02-27T06:13:35.7485611Z   CLOUDSDK_PROJECT: ***
deploy	Get version	2026-02-27T06:13:35.7485827Z   GCLOUD_PROJECT: ***
deploy	Get version	2026-02-27T06:13:35.7486035Z   GCP_PROJECT: ***
deploy	Get version	2026-02-27T06:13:35.7486252Z   GOOGLE_CLOUD_PROJECT: ***
deploy	Get version	2026-02-27T06:13:35.7486536Z   CLOUDSDK_METRICS_ENVIRONMENT: github-actions-setup-gcloud
deploy	Get version	2026-02-27T06:13:35.7486858Z   CLOUDSDK_METRICS_ENVIRONMENT_VERSION: 2.2.1
deploy	Get version	2026-02-27T06:13:35.7487108Z ##[endgroup]
deploy	Get version	2026-02-27T06:13:35.7615118Z New version: v0.0.44 (Display: 0.0.44)
deploy	Generate version file	﻿2026-02-27T06:13:35.7672955Z ##[group]Run mkdir -p public
deploy	Generate version file	2026-02-27T06:13:35.7673427Z [36;1mmkdir -p public[0m
deploy	Generate version file	2026-02-27T06:13:35.7673939Z [36;1mecho "{\"version\":\"0.0.44\"}" > public/version.json[0m
deploy	Generate version file	2026-02-27T06:13:35.7674541Z [36;1mcat public/version.json[0m
deploy	Generate version file	2026-02-27T06:13:35.7712982Z shell: /usr/bin/bash -e {0}
deploy	Generate version file	2026-02-27T06:13:35.7713395Z env:
deploy	Generate version file	2026-02-27T06:13:35.7713791Z   PROJECT_ID: ***
deploy	Generate version file	2026-02-27T06:13:35.7714130Z   REGION: us-east1
deploy	Generate version file	2026-02-27T06:13:35.7714482Z   SERVICE_NAME: omnitask
deploy	Generate version file	2026-02-27T06:13:35.7714923Z   ARTIFACT_REGISTRY: us-east1-docker.pkg.dev
deploy	Generate version file	2026-02-27T06:13:35.7715883Z   CLOUDSDK_AUTH_CREDENTIAL_FILE_OVERRIDE: /home/runner/work/OmniTask/OmniTask/gha-creds-d51642a635009526.json
deploy	Generate version file	2026-02-27T06:13:35.7717216Z   GOOGLE_APPLICATION_CREDENTIALS: /home/runner/work/OmniTask/OmniTask/gha-creds-d51642a635009526.json
deploy	Generate version file	2026-02-27T06:13:35.7718418Z   GOOGLE_GHA_CREDS_PATH: /home/runner/work/OmniTask/OmniTask/gha-creds-d51642a635009526.json
deploy	Generate version file	2026-02-27T06:13:35.7719264Z   CLOUDSDK_CORE_PROJECT: ***
deploy	Generate version file	2026-02-27T06:13:35.7719782Z   CLOUDSDK_PROJECT: ***
deploy	Generate version file	2026-02-27T06:13:35.7720192Z   GCLOUD_PROJECT: ***
deploy	Generate version file	2026-02-27T06:13:35.7720580Z   GCP_PROJECT: ***
deploy	Generate version file	2026-02-27T06:13:35.7720965Z   GOOGLE_CLOUD_PROJECT: ***
deploy	Generate version file	2026-02-27T06:13:35.7721499Z   CLOUDSDK_METRICS_ENVIRONMENT: github-actions-setup-gcloud
deploy	Generate version file	2026-02-27T06:13:35.7722322Z   CLOUDSDK_METRICS_ENVIRONMENT_VERSION: 2.2.1
deploy	Generate version file	2026-02-27T06:13:35.7722808Z ##[endgroup]
deploy	Generate version file	2026-02-27T06:13:35.7790163Z {"version":"0.0.44"}
deploy	Build Docker image	﻿2026-02-27T06:13:35.7823758Z ##[group]Run docker build -t us-east1-docker.pkg.dev/***/omnitask/omnitask:v0.0.44 .
deploy	Build Docker image	2026-02-27T06:13:35.7824889Z [36;1mdocker build -t us-east1-docker.pkg.dev/***/omnitask/omnitask:v0.0.44 .[0m
deploy	Build Docker image	2026-02-27T06:13:35.7825936Z [36;1mdocker build -t us-east1-docker.pkg.dev/***/omnitask/omnitask:latest .[0m
deploy	Build Docker image	2026-02-27T06:13:35.7863042Z shell: /usr/bin/bash -e {0}
deploy	Build Docker image	2026-02-27T06:13:35.7863447Z env:
deploy	Build Docker image	2026-02-27T06:13:35.7863818Z   PROJECT_ID: ***
deploy	Build Docker image	2026-02-27T06:13:35.7864168Z   REGION: us-east1
deploy	Build Docker image	2026-02-27T06:13:35.7864528Z   SERVICE_NAME: omnitask
deploy	Build Docker image	2026-02-27T06:13:35.7864960Z   ARTIFACT_REGISTRY: us-east1-docker.pkg.dev
deploy	Build Docker image	2026-02-27T06:13:35.7865928Z   CLOUDSDK_AUTH_CREDENTIAL_FILE_OVERRIDE: /home/runner/work/OmniTask/OmniTask/gha-creds-d51642a635009526.json
deploy	Build Docker image	2026-02-27T06:13:35.7867274Z   GOOGLE_APPLICATION_CREDENTIALS: /home/runner/work/OmniTask/OmniTask/gha-creds-d51642a635009526.json
deploy	Build Docker image	2026-02-27T06:13:35.7868627Z   GOOGLE_GHA_CREDS_PATH: /home/runner/work/OmniTask/OmniTask/gha-creds-d51642a635009526.json
deploy	Build Docker image	2026-02-27T06:13:35.7869543Z   CLOUDSDK_CORE_PROJECT: ***
deploy	Build Docker image	2026-02-27T06:13:35.7869991Z   CLOUDSDK_PROJECT: ***
deploy	Build Docker image	2026-02-27T06:13:35.7870394Z   GCLOUD_PROJECT: ***
deploy	Build Docker image	2026-02-27T06:13:35.7870785Z   GCP_PROJECT: ***
deploy	Build Docker image	2026-02-27T06:13:35.7871171Z   GOOGLE_CLOUD_PROJECT: ***
deploy	Build Docker image	2026-02-27T06:13:35.7871793Z   CLOUDSDK_METRICS_ENVIRONMENT: github-actions-setup-gcloud
deploy	Build Docker image	2026-02-27T06:13:35.7872457Z   CLOUDSDK_METRICS_ENVIRONMENT_VERSION: 2.2.1
deploy	Build Docker image	2026-02-27T06:13:35.7872949Z ##[endgroup]
deploy	Build Docker image	2026-02-27T06:13:36.2330482Z #0 building with "default" instance using docker driver
deploy	Build Docker image	2026-02-27T06:13:36.2331006Z 
deploy	Build Docker image	2026-02-27T06:13:36.2331217Z #1 [internal] load build definition from Dockerfile
deploy	Build Docker image	2026-02-27T06:13:36.2331868Z #1 transferring dockerfile: 385B done
deploy	Build Docker image	2026-02-27T06:13:36.2332269Z #1 DONE 0.0s
deploy	Build Docker image	2026-02-27T06:13:36.2332418Z 
deploy	Build Docker image	2026-02-27T06:13:36.2332599Z #2 [internal] load metadata for docker.io/library/nginx:alpine
deploy	Build Docker image	2026-02-27T06:13:36.4283779Z #2 ...
deploy	Build Docker image	2026-02-27T06:13:36.4284092Z 
deploy	Build Docker image	2026-02-27T06:13:36.4284388Z #3 [auth] library/nginx:pull token for registry-1.docker.io
deploy	Build Docker image	2026-02-27T06:13:36.4284951Z #3 DONE 0.0s
deploy	Build Docker image	2026-02-27T06:13:36.4285125Z 
deploy	Build Docker image	2026-02-27T06:13:36.4285370Z #4 [auth] library/node:pull token for registry-1.docker.io
deploy	Build Docker image	2026-02-27T06:13:36.4285850Z #4 DONE 0.0s
deploy	Build Docker image	2026-02-27T06:13:36.5782721Z 
deploy	Build Docker image	2026-02-27T06:13:36.5783496Z #5 [internal] load metadata for docker.io/library/node:22-alpine
deploy	Build Docker image	2026-02-27T06:13:36.9647958Z #5 ...
deploy	Build Docker image	2026-02-27T06:13:36.9648990Z 
deploy	Build Docker image	2026-02-27T06:13:36.9649280Z #2 [internal] load metadata for docker.io/library/nginx:alpine
deploy	Build Docker image	2026-02-27T06:13:36.9649831Z #2 DONE 0.9s
deploy	Build Docker image	2026-02-27T06:13:37.1027441Z 
deploy	Build Docker image	2026-02-27T06:13:37.1028099Z #5 [internal] load metadata for docker.io/library/node:22-alpine
deploy	Build Docker image	2026-02-27T06:13:37.1028610Z #5 DONE 0.9s
deploy	Build Docker image	2026-02-27T06:13:37.1028733Z 
deploy	Build Docker image	2026-02-27T06:13:37.1028823Z #6 [internal] load .dockerignore
deploy	Build Docker image	2026-02-27T06:13:37.1029113Z #6 transferring context: 2B done
deploy	Build Docker image	2026-02-27T06:13:37.1029342Z #6 DONE 0.0s
deploy	Build Docker image	2026-02-27T06:13:37.1029458Z 
deploy	Build Docker image	2026-02-27T06:13:37.1029820Z #7 [stage-1 1/3] FROM docker.io/library/nginx:alpine@sha256:1d13701a5f9f3fb01aaa88cef2344d65b6b5bf6b7d9fa4cf0dca557a8d7702ba
deploy	Build Docker image	2026-02-27T06:13:37.1030598Z #7 resolve docker.io/library/nginx:alpine@sha256:1d13701a5f9f3fb01aaa88cef2344d65b6b5bf6b7d9fa4cf0dca557a8d7702ba 0.0s done
deploy	Build Docker image	2026-02-27T06:13:37.1031270Z #7 sha256:c032460d1fd73978317479ba23c37bcb57d93156cab122eb3c54b8e4bdc292fa 2.50kB / 2.50kB done
deploy	Build Docker image	2026-02-27T06:13:37.1031980Z #7 sha256:b76de378d57272a1dd9091a05dd548a3639dfb792ebdbf95d06704d2950afdea 11.65kB / 11.65kB done
deploy	Build Docker image	2026-02-27T06:13:37.1032574Z #7 sha256:1d13701a5f9f3fb01aaa88cef2344d65b6b5bf6b7d9fa4cf0dca557a8d7702ba 10.33kB / 10.33kB done
deploy	Build Docker image	2026-02-27T06:13:37.2178859Z #7 sha256:589002ba0eaed121a1dbf42f6648f29e5be55d5c8a6ee0f8eaa0285cc21ac153 0B / 3.86MB 0.2s
deploy	Build Docker image	2026-02-27T06:13:37.2182398Z #7 sha256:3e2c181db1b0985ce357c7aaf48ac615f30f392cd15d5c5ba34c4faa1f4f39a2 0B / 626B 0.2s
deploy	Build Docker image	2026-02-27T06:13:37.3662843Z #7 sha256:bca5d04786e112d958f100a66f8257b2aeefc14b64d81e405c3c44acff2fb000 0B / 1.86MB 0.3s
deploy	Build Docker image	2026-02-27T06:13:37.4665560Z #7 sha256:589002ba0eaed121a1dbf42f6648f29e5be55d5c8a6ee0f8eaa0285cc21ac153 3.86MB / 3.86MB 0.4s
deploy	Build Docker image	2026-02-27T06:13:37.5706299Z #7 sha256:589002ba0eaed121a1dbf42f6648f29e5be55d5c8a6ee0f8eaa0285cc21ac153 3.86MB / 3.86MB 0.5s done
deploy	Build Docker image	2026-02-27T06:13:37.5707746Z #7 sha256:3e2c181db1b0985ce357c7aaf48ac615f30f392cd15d5c5ba34c4faa1f4f39a2 626B / 626B 0.5s done
deploy	Build Docker image	2026-02-27T06:13:37.5708915Z #7 sha256:bca5d04786e112d958f100a66f8257b2aeefc14b64d81e405c3c44acff2fb000 1.86MB / 1.86MB 0.5s
deploy	Build Docker image	2026-02-27T06:13:37.5710178Z #7 sha256:6b7b6c7061b76cdb8601e18722d12ae3232f0ddcfa1d2983754abcc6ce0a8a83 0B / 954B 0.5s
deploy	Build Docker image	2026-02-27T06:13:37.5711275Z #7 extracting sha256:589002ba0eaed121a1dbf42f6648f29e5be55d5c8a6ee0f8eaa0285cc21ac153
deploy	Build Docker image	2026-02-27T06:13:37.6705148Z #7 sha256:bca5d04786e112d958f100a66f8257b2aeefc14b64d81e405c3c44acff2fb000 1.86MB / 1.86MB 0.5s done
deploy	Build Docker image	2026-02-27T06:13:37.6713368Z #7 sha256:6b7b6c7061b76cdb8601e18722d12ae3232f0ddcfa1d2983754abcc6ce0a8a83 954B / 954B 0.6s
deploy	Build Docker image	2026-02-27T06:13:37.6714424Z #7 sha256:399d0898a94e0084f81499a3e3c29824357118c7ce551648ea1dbab813884661 0B / 404B 0.6s
deploy	Build Docker image	2026-02-27T06:13:37.6715423Z #7 sha256:955a8478f9aceb66cbf2f579fa3c24e1af278d1fa3ffd3043d6260e21d2f7416 0B / 1.21kB 0.6s
deploy	Build Docker image	2026-02-27T06:13:37.7711444Z #7 sha256:6b7b6c7061b76cdb8601e18722d12ae3232f0ddcfa1d2983754abcc6ce0a8a83 954B / 954B 0.6s done
deploy	Build Docker image	2026-02-27T06:13:37.7720132Z #7 extracting sha256:589002ba0eaed121a1dbf42f6648f29e5be55d5c8a6ee0f8eaa0285cc21ac153 0.3s done
deploy	Build Docker image	2026-02-27T06:13:37.7722644Z #7 sha256:399d0898a94e0084f81499a3e3c29824357118c7ce551648ea1dbab813884661 404B / 404B 0.7s done
deploy	Build Docker image	2026-02-27T06:13:37.7723835Z #7 sha256:955a8478f9aceb66cbf2f579fa3c24e1af278d1fa3ffd3043d6260e21d2f7416 1.21kB / 1.21kB 0.7s done
deploy	Build Docker image	2026-02-27T06:13:37.7726927Z #7 sha256:6d397a54a185dd0b6638d1a3934b81daef7a140741e12697377d6279066f7ca7 0B / 1.40kB 0.7s
deploy	Build Docker image	2026-02-27T06:13:37.7727963Z #7 sha256:5e7756927bef33a266e1221356d5da8553139cb80bc5b1b3827010811d9ea268 0B / 20.24MB 0.7s
deploy	Build Docker image	2026-02-27T06:13:37.8711661Z #7 sha256:6d397a54a185dd0b6638d1a3934b81daef7a140741e12697377d6279066f7ca7 1.40kB / 1.40kB 0.8s done
deploy	Build Docker image	2026-02-27T06:13:38.0027559Z #7 sha256:5e7756927bef33a266e1221356d5da8553139cb80bc5b1b3827010811d9ea268 16.78MB / 20.24MB 1.0s
deploy	Build Docker image	2026-02-27T06:13:38.0028216Z #7 extracting sha256:bca5d04786e112d958f100a66f8257b2aeefc14b64d81e405c3c44acff2fb000
deploy	Build Docker image	2026-02-27T06:13:38.2041149Z #7 sha256:5e7756927bef33a266e1221356d5da8553139cb80bc5b1b3827010811d9ea268 20.24MB / 20.24MB 1.1s done
deploy	Build Docker image	2026-02-27T06:13:38.2045345Z #7 extracting sha256:bca5d04786e112d958f100a66f8257b2aeefc14b64d81e405c3c44acff2fb000 0.3s done
deploy	Build Docker image	2026-02-27T06:13:41.3008377Z #7 extracting sha256:3e2c181db1b0985ce357c7aaf48ac615f30f392cd15d5c5ba34c4faa1f4f39a2 done
deploy	Build Docker image	2026-02-27T06:13:41.6071659Z #7 ...
deploy	Build Docker image	2026-02-27T06:13:41.6073798Z 
deploy	Build Docker image	2026-02-27T06:13:41.6073991Z #8 [internal] load build context
deploy	Build Docker image	2026-02-27T06:13:41.6074485Z #8 transferring context: 392.19MB 4.5s done
deploy	Build Docker image	2026-02-27T06:13:41.6074953Z #8 DONE 4.6s
deploy	Build Docker image	2026-02-27T06:13:41.7182862Z 
deploy	Build Docker image	2026-02-27T06:13:41.7183874Z #7 [stage-1 1/3] FROM docker.io/library/nginx:alpine@sha256:1d13701a5f9f3fb01aaa88cef2344d65b6b5bf6b7d9fa4cf0dca557a8d7702ba
deploy	Build Docker image	2026-02-27T06:13:41.7185049Z #7 extracting sha256:6b7b6c7061b76cdb8601e18722d12ae3232f0ddcfa1d2983754abcc6ce0a8a83 done
deploy	Build Docker image	2026-02-27T06:13:41.7186034Z #7 extracting sha256:399d0898a94e0084f81499a3e3c29824357118c7ce551648ea1dbab813884661 done
deploy	Build Docker image	2026-02-27T06:13:41.7187077Z #7 extracting sha256:955a8478f9aceb66cbf2f579fa3c24e1af278d1fa3ffd3043d6260e21d2f7416 done
deploy	Build Docker image	2026-02-27T06:13:41.7188282Z #7 extracting sha256:6d397a54a185dd0b6638d1a3934b81daef7a140741e12697377d6279066f7ca7 done
deploy	Build Docker image	2026-02-27T06:13:41.7189278Z #7 extracting sha256:5e7756927bef33a266e1221356d5da8553139cb80bc5b1b3827010811d9ea268
deploy	Build Docker image	2026-02-27T06:13:42.1345089Z #7 extracting sha256:5e7756927bef33a266e1221356d5da8553139cb80bc5b1b3827010811d9ea268 0.3s done
deploy	Build Docker image	2026-02-27T06:13:42.3320795Z #7 DONE 5.2s
deploy	Build Docker image	2026-02-27T06:13:42.3321127Z 
deploy	Build Docker image	2026-02-27T06:13:42.3321563Z #9 [build 1/6] FROM docker.io/library/node:22-alpine@sha256:e4bf2a82ad0a4037d28035ae71529873c069b13eb0455466ae0bc13363826e34
deploy	Build Docker image	2026-02-27T06:13:42.3322574Z #9 resolve docker.io/library/node:22-alpine@sha256:e4bf2a82ad0a4037d28035ae71529873c069b13eb0455466ae0bc13363826e34 0.0s done
deploy	Build Docker image	2026-02-27T06:13:42.3323561Z #9 sha256:e4bf2a82ad0a4037d28035ae71529873c069b13eb0455466ae0bc13363826e34 6.41kB / 6.41kB done
deploy	Build Docker image	2026-02-27T06:13:42.3324134Z #9 sha256:48f53c3f0105ccddcc5e4f520347398dfc0ba9b3008fbfd98a2add27e5797957 1.72kB / 1.72kB done
deploy	Build Docker image	2026-02-27T06:13:42.3324702Z #9 sha256:463254b4a8121318a9f8861a08bdde48fcfd528848534e7ba742b3ce5146fd17 6.52kB / 6.52kB done
deploy	Build Docker image	2026-02-27T06:13:42.3325274Z #9 sha256:589002ba0eaed121a1dbf42f6648f29e5be55d5c8a6ee0f8eaa0285cc21ac153 3.86MB / 3.86MB 0.5s done
deploy	Build Docker image	2026-02-27T06:13:42.3325887Z #9 sha256:8d513d1f314d3646adaf156be912f8de408c740e43d90cad5ce06b9de27e7bdf 51.60MB / 51.60MB 1.7s done
deploy	Build Docker image	2026-02-27T06:13:42.3326491Z #9 sha256:2b752f7c71fd1a08980fdf09b7379d8304c8ef2569526934a2089ed26d771778 1.26MB / 1.26MB 1.1s done
deploy	Build Docker image	2026-02-27T06:13:42.3327232Z #9 sha256:fc1c5222d85fe45cd255019912158424888b168c8413fb42c8e166c37f1833eb 447B / 447B 1.2s done
deploy	Build Docker image	2026-02-27T06:13:42.3327793Z #9 extracting sha256:8d513d1f314d3646adaf156be912f8de408c740e43d90cad5ce06b9de27e7bdf 2.6s done
deploy	Build Docker image	2026-02-27T06:13:42.3328359Z #9 extracting sha256:2b752f7c71fd1a08980fdf09b7379d8304c8ef2569526934a2089ed26d771778 0.0s done
deploy	Build Docker image	2026-02-27T06:13:42.3328898Z #9 extracting sha256:fc1c5222d85fe45cd255019912158424888b168c8413fb42c8e166c37f1833eb done
deploy	Build Docker image	2026-02-27T06:13:42.3329272Z #9 DONE 5.2s
deploy	Build Docker image	2026-02-27T06:13:42.3329384Z 
deploy	Build Docker image	2026-02-27T06:13:42.3329471Z #10 [build 2/6] WORKDIR /app
deploy	Build Docker image	2026-02-27T06:13:42.3329692Z #10 DONE 0.0s
deploy	Build Docker image	2026-02-27T06:13:42.3329793Z 
deploy	Build Docker image	2026-02-27T06:13:42.3329921Z #11 [build 3/6] COPY package.json yarn.lock ./
deploy	Build Docker image	2026-02-27T06:13:42.3330179Z #11 DONE 0.0s
deploy	Build Docker image	2026-02-27T06:13:42.3330281Z 
deploy	Build Docker image	2026-02-27T06:13:42.3330397Z #12 [build 4/6] RUN yarn install --frozen-lockfile
deploy	Build Docker image	2026-02-27T06:13:42.5060812Z #12 0.325 yarn install v1.22.22
deploy	Build Docker image	2026-02-27T06:13:42.7120058Z #12 0.379 [1/4] Resolving packages...
deploy	Build Docker image	2026-02-27T06:13:42.7633930Z #12 0.582 [2/4] Fetching packages...
deploy	Build Docker image	2026-02-27T06:13:59.7546977Z #12 17.57 [3/4] Linking dependencies...
deploy	Build Docker image	2026-02-27T06:13:59.9144970Z #12 17.58 warning " > @angular/fire@20.0.1" has incorrect peer dependency "@angular/common@^20.0.0".
deploy	Build Docker image	2026-02-27T06:13:59.9146095Z #12 17.58 warning " > @angular/fire@20.0.1" has incorrect peer dependency "@angular/core@^20.0.0".
deploy	Build Docker image	2026-02-27T06:13:59.9146672Z #12 17.58 warning " > @angular/fire@20.0.1" has incorrect peer dependency "@angular/platform-browser@^20.0.0".
deploy	Build Docker image	2026-02-27T06:13:59.9147276Z #12 17.58 warning " > @angular/fire@20.0.1" has unmet peer dependency "@angular/platform-browser-dynamic@^20.0.0".
deploy	Build Docker image	2026-02-27T06:13:59.9147937Z #12 17.58 warning "@angular/cli > @modelcontextprotocol/sdk > @hono/node-server@1.19.9" has unmet peer dependency "hono@^4".
deploy	Build Docker image	2026-02-27T06:14:09.3155246Z #12 27.13 [4/4] Building fresh packages...
deploy	Build Docker image	2026-02-27T06:14:10.1793961Z #12 28.00 Done in 27.68s.
deploy	Build Docker image	2026-02-27T06:14:10.4537843Z #12 DONE 28.3s
deploy	Build Docker image	2026-02-27T06:14:10.6046614Z 
deploy	Build Docker image	2026-02-27T06:14:10.6047065Z #13 [build 5/6] COPY . .
deploy	Build Docker image	2026-02-27T06:14:12.3589883Z #13 DONE 1.9s
deploy	Build Docker image	2026-02-27T06:14:12.5110839Z 
deploy	Build Docker image	2026-02-27T06:14:12.5111636Z #14 [build 6/6] RUN yarn build
deploy	Build Docker image	2026-02-27T06:14:12.5923977Z #14 0.232 yarn run v1.22.22
deploy	Build Docker image	2026-02-27T06:14:12.7701863Z #14 0.259 $ ng build
deploy	Build Docker image	2026-02-27T06:14:13.2862951Z #14 0.926 ❯ Building...
deploy	Build Docker image	2026-02-27T06:14:24.3506148Z #14 11.99 ✔ Building...
deploy	Build Docker image	2026-02-27T06:14:24.4855765Z #14 11.99 Initial chunk files   | Names                    |  Raw size | Estimated transfer size
deploy	Build Docker image	2026-02-27T06:14:24.4856644Z #14 11.99 chunk-ECVIPZ4T.js     | -                        | 655.85 kB |               169.55 kB
deploy	Build Docker image	2026-02-27T06:14:24.4857464Z #14 11.99 styles-DKFHENYV.css   | styles                   |  84.68 kB |                12.58 kB
deploy	Build Docker image	2026-02-27T06:14:24.4858214Z #14 11.99 main-DQREYICC.js      | main                     |  48.84 kB |                15.36 kB
deploy	Build Docker image	2026-02-27T06:14:24.4859066Z #14 11.99 polyfills-6ISPNSXF.js | polyfills                |  35.68 kB |                11.57 kB
deploy	Build Docker image	2026-02-27T06:14:24.4859902Z #14 11.99 chunk-FTW36QFS.js     | -                        |  18.16 kB |                 6.26 kB
deploy	Build Docker image	2026-02-27T06:14:24.4860778Z #14 11.99 
deploy	Build Docker image	2026-02-27T06:14:24.4861216Z #14 11.99                       | Initial total            | 843.21 kB |               215.31 kB
deploy	Build Docker image	2026-02-27T06:14:24.4862182Z #14 11.99 
deploy	Build Docker image	2026-02-27T06:14:24.4862675Z #14 11.99 Lazy chunk files      | Names                    |  Raw size | Estimated transfer size
deploy	Build Docker image	2026-02-27T06:14:24.4863391Z #14 11.99 chunk-PSSZZCNB.js     | -                        | 181.67 kB |                46.19 kB
deploy	Build Docker image	2026-02-27T06:14:24.4864121Z #14 11.99 chunk-OV5VX62F.js     | -                        | 179.12 kB |                35.26 kB
deploy	Build Docker image	2026-02-27T06:14:24.4864914Z #14 11.99 chunk-YDIM2EY7.js     | project-detail-component |  74.20 kB |                14.64 kB
deploy	Build Docker image	2026-02-27T06:14:24.4865788Z #14 11.99 chunk-K5FBCRXN.js     | -                        |  42.39 kB |                 8.76 kB
deploy	Build Docker image	2026-02-27T06:14:24.4866503Z #14 11.99 chunk-QQ5ZXEFZ.js     | dashboard-component      |  32.09 kB |                 8.17 kB
deploy	Build Docker image	2026-02-27T06:14:24.4866964Z #14 11.99 chunk-TGPSAB4T.js     | -                        |  12.19 kB |                 3.11 kB
deploy	Build Docker image	2026-02-27T06:14:24.4867444Z #14 11.99 chunk-ARZIFBMV.js     | login-component          |  11.06 kB |                 3.05 kB
deploy	Build Docker image	2026-02-27T06:14:24.4867934Z #14 11.99 chunk-TWOTJV2R.js     | projects-list-component  |  11.03 kB |                 3.28 kB
deploy	Build Docker image	2026-02-27T06:14:24.4868420Z #14 11.99 chunk-MWFYL3IF.js     | settings-component       |   8.51 kB |                 2.77 kB
deploy	Build Docker image	2026-02-27T06:14:24.4868867Z #14 11.99 chunk-LDYCZVES.js     | -                        |   6.71 kB |                 2.47 kB
deploy	Build Docker image	2026-02-27T06:14:24.4869316Z #14 11.99 chunk-C5QKHFUM.js     | board-demo-component     |   2.58 kB |                 1.08 kB
deploy	Build Docker image	2026-02-27T06:14:24.4869673Z #14 11.99 
deploy	Build Docker image	2026-02-27T06:14:24.4869998Z #14 11.99 Application bundle generation complete. [11.063 seconds] - 2026-02-27T06:14:24.349Z
deploy	Build Docker image	2026-02-27T06:14:24.4870370Z #14 11.99 
deploy	Build Docker image	2026-02-27T06:14:24.4871037Z #14 11.99 ▲ [WARNING] bundle initial exceeded maximum budget. Budget 500.00 kB was not met by 343.21 kB with a total of 843.21 kB.
deploy	Build Docker image	2026-02-27T06:14:24.4871505Z #14 11.99 
deploy	Build Docker image	2026-02-27T06:14:24.4871661Z #14 11.99 
deploy	Build Docker image	2026-02-27T06:14:24.4873715Z #14 11.99 ▲ [WARNING] angular:styles/component:css;eb37b821aea94724e7738d7be5c20ab49a675a1adbd7b40d7ed1562cd6dcd03a;/app/src/app/shared/components/markdown-editor/markdown-editor.component.ts exceeded maximum budget. Budget 4.00 kB was not met by 761 bytes with a total of 4.76 kB.
deploy	Build Docker image	2026-02-27T06:14:24.4875426Z #14 11.99 
deploy	Build Docker image	2026-02-27T06:14:24.4875673Z #14 11.99 
deploy	Build Docker image	2026-02-27T06:14:24.4876623Z #14 11.99 ▲ [WARNING] src/app/core/auth/login.component.css exceeded maximum budget. Budget 4.00 kB was not met by 2.23 kB with a total of 6.23 kB.
deploy	Build Docker image	2026-02-27T06:14:24.4877516Z #14 11.99 
deploy	Build Docker image	2026-02-27T06:14:24.4877770Z #14 11.99 
deploy	Build Docker image	2026-02-27T06:14:24.4878090Z #14 11.99 Output location: /app/dist/omni-task
deploy	Build Docker image	2026-02-27T06:14:24.4878465Z #14 11.99 
deploy	Build Docker image	2026-02-27T06:14:24.4878702Z #14 12.09 Done in 11.86s.
deploy	Build Docker image	2026-02-27T06:14:24.4879000Z #14 DONE 12.1s
deploy	Build Docker image	2026-02-27T06:14:24.6619405Z 
deploy	Build Docker image	2026-02-27T06:14:24.6621424Z #15 [stage-1 2/3] COPY --from=build /app/dist/omni-task/browser /usr/share/nginx/html
deploy	Build Docker image	2026-02-27T06:14:24.6626906Z #15 DONE 0.1s
deploy	Build Docker image	2026-02-27T06:14:24.8241145Z 
deploy	Build Docker image	2026-02-27T06:14:24.8242400Z #16 [stage-1 3/3] COPY nginx.conf /etc/nginx/conf.d/default.conf
deploy	Build Docker image	2026-02-27T06:14:24.8243438Z #16 DONE 0.0s
deploy	Build Docker image	2026-02-27T06:14:24.8243642Z 
deploy	Build Docker image	2026-02-27T06:14:24.8243770Z #17 exporting to image
deploy	Build Docker image	2026-02-27T06:14:24.8244133Z #17 exporting layers
deploy	Build Docker image	2026-02-27T06:14:25.0052948Z #17 exporting layers 0.3s done
deploy	Build Docker image	2026-02-27T06:14:25.0187447Z #17 writing image sha256:4a71b7a13f43fdcf32b26471219d4ab66c148410dca6547edf08d654405c55b0 done
deploy	Build Docker image	2026-02-27T06:14:25.0188673Z #17 naming to us-east1-docker.pkg.dev/***/omnitask/omnitask:v0.0.44 done
deploy	Build Docker image	2026-02-27T06:14:25.0189202Z #17 DONE 0.3s
deploy	Build Docker image	2026-02-27T06:14:25.2837557Z #0 building with "default" instance using docker driver
deploy	Build Docker image	2026-02-27T06:14:25.2838023Z 
deploy	Build Docker image	2026-02-27T06:14:25.2838249Z #1 [internal] load build definition from Dockerfile
deploy	Build Docker image	2026-02-27T06:14:25.2838766Z #1 transferring dockerfile: 385B done
deploy	Build Docker image	2026-02-27T06:14:25.2839549Z #1 DONE 0.0s
deploy	Build Docker image	2026-02-27T06:14:25.2839664Z 
deploy	Build Docker image	2026-02-27T06:14:25.2839814Z #2 [internal] load metadata for docker.io/library/node:22-alpine
deploy	Build Docker image	2026-02-27T06:14:25.3693540Z #2 DONE 0.2s
deploy	Build Docker image	2026-02-27T06:14:25.3693863Z 
deploy	Build Docker image	2026-02-27T06:14:25.3694146Z #3 [internal] load metadata for docker.io/library/nginx:alpine
deploy	Build Docker image	2026-02-27T06:14:25.4787967Z #3 DONE 0.2s
deploy	Build Docker image	2026-02-27T06:14:25.4789902Z 
deploy	Build Docker image	2026-02-27T06:14:25.4790405Z #4 [internal] load .dockerignore
deploy	Build Docker image	2026-02-27T06:14:25.4791356Z #4 transferring context: 2B done
deploy	Build Docker image	2026-02-27T06:14:25.4791950Z #4 DONE 0.0s
deploy	Build Docker image	2026-02-27T06:14:25.4792136Z 
deploy	Build Docker image	2026-02-27T06:14:25.4792758Z #5 [build 1/6] FROM docker.io/library/node:22-alpine@sha256:e4bf2a82ad0a4037d28035ae71529873c069b13eb0455466ae0bc13363826e34
deploy	Build Docker image	2026-02-27T06:14:25.4793925Z #5 DONE 0.0s
deploy	Build Docker image	2026-02-27T06:14:25.4794093Z 
deploy	Build Docker image	2026-02-27T06:14:25.4794635Z #6 [stage-1 1/3] FROM docker.io/library/nginx:alpine@sha256:1d13701a5f9f3fb01aaa88cef2344d65b6b5bf6b7d9fa4cf0dca557a8d7702ba
deploy	Build Docker image	2026-02-27T06:14:25.4795127Z #6 DONE 0.0s
deploy	Build Docker image	2026-02-27T06:14:25.4795272Z 
deploy	Build Docker image	2026-02-27T06:14:25.8313119Z #7 [internal] load build context
deploy	Build Docker image	2026-02-27T06:14:25.8313627Z #7 transferring context: 1.40MB 0.4s done
deploy	Build Docker image	2026-02-27T06:14:25.8314025Z #7 DONE 0.4s
deploy	Build Docker image	2026-02-27T06:14:25.8314193Z 
deploy	Build Docker image	2026-02-27T06:14:25.8314377Z #8 [build 3/6] COPY package.json yarn.lock ./
deploy	Build Docker image	2026-02-27T06:14:25.8314809Z #8 CACHED
deploy	Build Docker image	2026-02-27T06:14:25.8314971Z 
deploy	Build Docker image	2026-02-27T06:14:25.8315271Z #9 [stage-1 2/3] COPY --from=build /app/dist/omni-task/browser /usr/share/nginx/html
deploy	Build Docker image	2026-02-27T06:14:25.8315833Z #9 CACHED
deploy	Build Docker image	2026-02-27T06:14:25.8315976Z 
deploy	Build Docker image	2026-02-27T06:14:25.8316123Z #10 [build 2/6] WORKDIR /app
deploy	Build Docker image	2026-02-27T06:14:25.8316579Z #10 CACHED
deploy	Build Docker image	2026-02-27T06:14:25.8316752Z 
deploy	Build Docker image	2026-02-27T06:14:25.8316950Z #11 [build 4/6] RUN yarn install --frozen-lockfile
deploy	Build Docker image	2026-02-27T06:14:25.8317432Z #11 CACHED
deploy	Build Docker image	2026-02-27T06:14:25.8317558Z 
deploy	Build Docker image	2026-02-27T06:14:25.8317640Z #12 [build 5/6] COPY . .
deploy	Build Docker image	2026-02-27T06:14:25.8317930Z #12 CACHED
deploy	Build Docker image	2026-02-27T06:14:25.8318091Z 
deploy	Build Docker image	2026-02-27T06:14:25.8318227Z #13 [build 6/6] RUN yarn build
deploy	Build Docker image	2026-02-27T06:14:25.8318575Z #13 CACHED
deploy	Build Docker image	2026-02-27T06:14:25.8318725Z 
deploy	Build Docker image	2026-02-27T06:14:25.8318951Z #14 [stage-1 3/3] COPY nginx.conf /etc/nginx/conf.d/default.conf
deploy	Build Docker image	2026-02-27T06:14:25.8319404Z #14 CACHED
deploy	Build Docker image	2026-02-27T06:14:25.8319553Z 
deploy	Build Docker image	2026-02-27T06:14:25.8319692Z #15 exporting to image
deploy	Build Docker image	2026-02-27T06:14:25.8320033Z #15 exporting layers done
deploy	Build Docker image	2026-02-27T06:14:25.8320703Z #15 writing image sha256:4a71b7a13f43fdcf32b26471219d4ab66c148410dca6547edf08d654405c55b0 done
deploy	Build Docker image	2026-02-27T06:14:25.8321996Z #15 naming to us-east1-docker.pkg.dev/***/omnitask/omnitask:latest done
deploy	Build Docker image	2026-02-27T06:14:25.8322553Z #15 DONE 0.0s
deploy	Push Docker image	﻿2026-02-27T06:14:25.8375976Z ##[group]Run docker push us-east1-docker.pkg.dev/***/omnitask/omnitask:v0.0.44
deploy	Push Docker image	2026-02-27T06:14:25.8376552Z [36;1mdocker push us-east1-docker.pkg.dev/***/omnitask/omnitask:v0.0.44[0m
deploy	Push Docker image	2026-02-27T06:14:25.8377061Z [36;1mdocker push us-east1-docker.pkg.dev/***/omnitask/omnitask:latest[0m
deploy	Push Docker image	2026-02-27T06:14:25.8404500Z shell: /usr/bin/bash -e {0}
deploy	Push Docker image	2026-02-27T06:14:25.8404753Z env:
deploy	Push Docker image	2026-02-27T06:14:25.8404984Z   PROJECT_ID: ***
deploy	Push Docker image	2026-02-27T06:14:25.8405180Z   REGION: us-east1
deploy	Push Docker image	2026-02-27T06:14:25.8405374Z   SERVICE_NAME: omnitask
deploy	Push Docker image	2026-02-27T06:14:25.8405614Z   ARTIFACT_REGISTRY: us-east1-docker.pkg.dev
deploy	Push Docker image	2026-02-27T06:14:25.8406090Z   CLOUDSDK_AUTH_CREDENTIAL_FILE_OVERRIDE: /home/runner/work/OmniTask/OmniTask/gha-creds-d51642a635009526.json
deploy	Push Docker image	2026-02-27T06:14:25.8406737Z   GOOGLE_APPLICATION_CREDENTIALS: /home/runner/work/OmniTask/OmniTask/gha-creds-d51642a635009526.json
deploy	Push Docker image	2026-02-27T06:14:25.8407340Z   GOOGLE_GHA_CREDS_PATH: /home/runner/work/OmniTask/OmniTask/gha-creds-d51642a635009526.json
deploy	Push Docker image	2026-02-27T06:14:25.8407810Z   CLOUDSDK_CORE_PROJECT: ***
deploy	Push Docker image	2026-02-27T06:14:25.8408049Z   CLOUDSDK_PROJECT: ***
deploy	Push Docker image	2026-02-27T06:14:25.8408299Z   GCLOUD_PROJECT: ***
deploy	Push Docker image	2026-02-27T06:14:25.8408520Z   GCP_PROJECT: ***
deploy	Push Docker image	2026-02-27T06:14:25.8408725Z   GOOGLE_CLOUD_PROJECT: ***
deploy	Push Docker image	2026-02-27T06:14:25.8409007Z   CLOUDSDK_METRICS_ENVIRONMENT: github-actions-setup-gcloud
deploy	Push Docker image	2026-02-27T06:14:25.8409336Z   CLOUDSDK_METRICS_ENVIRONMENT_VERSION: 2.2.1
deploy	Push Docker image	2026-02-27T06:14:25.8409583Z ##[endgroup]
deploy	Push Docker image	2026-02-27T06:14:26.8824868Z The push refers to repository [us-east1-docker.pkg.dev/***/omnitask/omnitask]
deploy	Push Docker image	2026-02-27T06:14:27.2553547Z 5d98e59da9d2: Preparing
deploy	Push Docker image	2026-02-27T06:14:27.2554469Z 3563c7acf796: Preparing
deploy	Push Docker image	2026-02-27T06:14:27.2554809Z da3ac26fdf0f: Preparing
deploy	Push Docker image	2026-02-27T06:14:27.2555163Z 7b2903554e63: Preparing
deploy	Push Docker image	2026-02-27T06:14:27.2555457Z 6c0e59fd138a: Preparing
deploy	Push Docker image	2026-02-27T06:14:27.2555778Z aa0fc249df10: Preparing
deploy	Push Docker image	2026-02-27T06:14:27.2556156Z f35bcec50d8c: Preparing
deploy	Push Docker image	2026-02-27T06:14:27.2556508Z 660f9a93104f: Preparing
deploy	Push Docker image	2026-02-27T06:14:27.2556858Z 53998a5033c3: Preparing
deploy	Push Docker image	2026-02-27T06:14:27.2557181Z 989e799e6349: Preparing
deploy	Push Docker image	2026-02-27T06:14:27.2557468Z aa0fc249df10: Waiting
deploy	Push Docker image	2026-02-27T06:14:27.2557744Z 53998a5033c3: Waiting
deploy	Push Docker image	2026-02-27T06:14:27.2558382Z f35bcec50d8c: Waiting
deploy	Push Docker image	2026-02-27T06:14:27.2558655Z 989e799e6349: Waiting
deploy	Push Docker image	2026-02-27T06:14:27.2558894Z 660f9a93104f: Waiting
deploy	Push Docker image	2026-02-27T06:14:28.1034297Z da3ac26fdf0f: Layer already exists
deploy	Push Docker image	2026-02-27T06:14:28.1045395Z 6c0e59fd138a: Layer already exists
deploy	Push Docker image	2026-02-27T06:14:28.1082105Z 7b2903554e63: Layer already exists
deploy	Push Docker image	2026-02-27T06:14:28.5285741Z 660f9a93104f: Layer already exists
deploy	Push Docker image	2026-02-27T06:14:28.5719751Z f35bcec50d8c: Layer already exists
deploy	Push Docker image	2026-02-27T06:14:28.5811547Z aa0fc249df10: Layer already exists
deploy	Push Docker image	2026-02-27T06:14:28.9184156Z 53998a5033c3: Layer already exists
deploy	Push Docker image	2026-02-27T06:14:28.9846832Z 989e799e6349: Layer already exists
deploy	Push Docker image	2026-02-27T06:14:29.7552540Z 5d98e59da9d2: Pushed
deploy	Push Docker image	2026-02-27T06:14:31.3286306Z 3563c7acf796: Pushed
deploy	Push Docker image	2026-02-27T06:14:34.0323816Z v0.0.44: digest: sha256:968bb713c4fdc59fa163ef328a7124af8dea9dfe1964ba2f3e2ea127c4368d5b size: 2408
deploy	Push Docker image	2026-02-27T06:14:34.4782763Z The push refers to repository [us-east1-docker.pkg.dev/***/omnitask/omnitask]
deploy	Push Docker image	2026-02-27T06:14:34.8681852Z 5d98e59da9d2: Preparing
deploy	Push Docker image	2026-02-27T06:14:34.8682277Z 3563c7acf796: Preparing
deploy	Push Docker image	2026-02-27T06:14:34.8682488Z da3ac26fdf0f: Preparing
deploy	Push Docker image	2026-02-27T06:14:34.8682678Z 7b2903554e63: Preparing
deploy	Push Docker image	2026-02-27T06:14:34.8683077Z 6c0e59fd138a: Preparing
deploy	Push Docker image	2026-02-27T06:14:34.8683434Z aa0fc249df10: Preparing
deploy	Push Docker image	2026-02-27T06:14:34.8683884Z f35bcec50d8c: Preparing
deploy	Push Docker image	2026-02-27T06:14:34.8684154Z 660f9a93104f: Preparing
deploy	Push Docker image	2026-02-27T06:14:34.8684497Z 53998a5033c3: Preparing
deploy	Push Docker image	2026-02-27T06:14:34.8684801Z 989e799e6349: Preparing
deploy	Push Docker image	2026-02-27T06:14:34.8684992Z f35bcec50d8c: Waiting
deploy	Push Docker image	2026-02-27T06:14:34.8685177Z 660f9a93104f: Waiting
deploy	Push Docker image	2026-02-27T06:14:34.8685346Z 53998a5033c3: Waiting
deploy	Push Docker image	2026-02-27T06:14:34.8685702Z 989e799e6349: Waiting
deploy	Push Docker image	2026-02-27T06:14:34.8685884Z aa0fc249df10: Waiting
deploy	Push Docker image	2026-02-27T06:14:35.1186545Z 7b2903554e63: Layer already exists
deploy	Push Docker image	2026-02-27T06:14:35.1268035Z da3ac26fdf0f: Layer already exists
deploy	Push Docker image	2026-02-27T06:14:35.1324428Z 5d98e59da9d2: Layer already exists
deploy	Push Docker image	2026-02-27T06:14:35.1407818Z 3563c7acf796: Layer already exists
deploy	Push Docker image	2026-02-27T06:14:35.1479457Z 6c0e59fd138a: Layer already exists
deploy	Push Docker image	2026-02-27T06:14:35.2678374Z aa0fc249df10: Layer already exists
deploy	Push Docker image	2026-02-27T06:14:35.5225337Z 660f9a93104f: Layer already exists
deploy	Push Docker image	2026-02-27T06:14:35.5439557Z 989e799e6349: Layer already exists
deploy	Push Docker image	2026-02-27T06:14:35.5767412Z 53998a5033c3: Layer already exists
deploy	Push Docker image	2026-02-27T06:14:35.5811264Z f35bcec50d8c: Layer already exists
deploy	Push Docker image	2026-02-27T06:14:36.1971251Z latest: digest: sha256:968bb713c4fdc59fa163ef328a7124af8dea9dfe1964ba2f3e2ea127c4368d5b size: 2408
deploy	Deploy to Cloud Run	﻿2026-02-27T06:14:36.2008673Z ##[group]Run gcloud run deploy omnitask \
deploy	Deploy to Cloud Run	2026-02-27T06:14:36.2008987Z [36;1mgcloud run deploy omnitask \[0m
deploy	Deploy to Cloud Run	2026-02-27T06:14:36.2009416Z [36;1m  --image us-east1-docker.pkg.dev/***/omnitask/omnitask:v0.0.44 \[0m
deploy	Deploy to Cloud Run	2026-02-27T06:14:36.2009762Z [36;1m  --region us-east1 \[0m
deploy	Deploy to Cloud Run	2026-02-27T06:14:36.2009999Z [36;1m  --platform managed \[0m
deploy	Deploy to Cloud Run	2026-02-27T06:14:36.2010237Z [36;1m  --allow-unauthenticated \[0m
deploy	Deploy to Cloud Run	2026-02-27T06:14:36.2010476Z [36;1m  --port 8080[0m
deploy	Deploy to Cloud Run	2026-02-27T06:14:36.2037327Z shell: /usr/bin/bash -e {0}
deploy	Deploy to Cloud Run	2026-02-27T06:14:36.2037565Z env:
deploy	Deploy to Cloud Run	2026-02-27T06:14:36.2037794Z   PROJECT_ID: ***
deploy	Deploy to Cloud Run	2026-02-27T06:14:36.2037986Z   REGION: us-east1
deploy	Deploy to Cloud Run	2026-02-27T06:14:36.2038179Z   SERVICE_NAME: omnitask
deploy	Deploy to Cloud Run	2026-02-27T06:14:36.2038407Z   ARTIFACT_REGISTRY: us-east1-docker.pkg.dev
deploy	Deploy to Cloud Run	2026-02-27T06:14:36.2038896Z   CLOUDSDK_AUTH_CREDENTIAL_FILE_OVERRIDE: /home/runner/work/OmniTask/OmniTask/gha-creds-d51642a635009526.json
deploy	Deploy to Cloud Run	2026-02-27T06:14:36.2039535Z   GOOGLE_APPLICATION_CREDENTIALS: /home/runner/work/OmniTask/OmniTask/gha-creds-d51642a635009526.json
deploy	Deploy to Cloud Run	2026-02-27T06:14:36.2040161Z   GOOGLE_GHA_CREDS_PATH: /home/runner/work/OmniTask/OmniTask/gha-creds-d51642a635009526.json
deploy	Deploy to Cloud Run	2026-02-27T06:14:36.2040573Z   CLOUDSDK_CORE_PROJECT: ***
deploy	Deploy to Cloud Run	2026-02-27T06:14:36.2040807Z   CLOUDSDK_PROJECT: ***
deploy	Deploy to Cloud Run	2026-02-27T06:14:36.2041022Z   GCLOUD_PROJECT: ***
deploy	Deploy to Cloud Run	2026-02-27T06:14:36.2041233Z   GCP_PROJECT: ***
deploy	Deploy to Cloud Run	2026-02-27T06:14:36.2041444Z   GOOGLE_CLOUD_PROJECT: ***
deploy	Deploy to Cloud Run	2026-02-27T06:14:36.2041953Z   CLOUDSDK_METRICS_ENVIRONMENT: github-actions-setup-gcloud
deploy	Deploy to Cloud Run	2026-02-27T06:14:36.2042497Z   CLOUDSDK_METRICS_ENVIRONMENT_VERSION: 2.2.1
deploy	Deploy to Cloud Run	2026-02-27T06:14:36.2042753Z ##[endgroup]
deploy	Deploy to Cloud Run	2026-02-27T06:14:38.5489124Z Deploying container to Cloud Run service [omnitask] in project [***] region [us-east1]
deploy	Deploy to Cloud Run	2026-02-27T06:14:38.5489574Z Deploying...
deploy	Deploy to Cloud Run	2026-02-27T06:14:40.1834663Z Setting IAM Policy..................done
deploy	Deploy to Cloud Run	2026-02-27T06:14:46.2080678Z Creating Revision...................................................................done
deploy	Deploy to Cloud Run	2026-02-27T06:14:46.2081469Z Routing traffic.....done
deploy	Deploy to Cloud Run	2026-02-27T06:14:46.7515718Z Done.
deploy	Deploy to Cloud Run	2026-02-27T06:14:46.7594804Z Service [omnitask] revision [omnitask-00074-tnw] has been deployed and is serving 100 percent of traffic.
deploy	Deploy to Cloud Run	2026-02-27T06:14:46.7595873Z Service URL: https://omnitask-***.us-east1.run.app
deploy	Setup Node.js	﻿2026-02-27T06:14:46.9087387Z ##[group]Run actions/setup-node@v4
deploy	Setup Node.js	2026-02-27T06:14:46.9087656Z with:
deploy	Setup Node.js	2026-02-27T06:14:46.9087839Z   node-version: 22
deploy	Setup Node.js	2026-02-27T06:14:46.9088022Z   cache: yarn
deploy	Setup Node.js	2026-02-27T06:14:46.9088207Z   always-auth: false
deploy	Setup Node.js	2026-02-27T06:14:46.9088408Z   check-latest: false
deploy	Setup Node.js	2026-02-27T06:14:46.9088704Z   token: ***
deploy	Setup Node.js	2026-02-27T06:14:46.9088867Z env:
deploy	Setup Node.js	2026-02-27T06:14:46.9089055Z   PROJECT_ID: ***
deploy	Setup Node.js	2026-02-27T06:14:46.9089239Z   REGION: us-east1
deploy	Setup Node.js	2026-02-27T06:14:46.9089414Z   SERVICE_NAME: omnitask
deploy	Setup Node.js	2026-02-27T06:14:46.9089647Z   ARTIFACT_REGISTRY: us-east1-docker.pkg.dev
deploy	Setup Node.js	2026-02-27T06:14:46.9090119Z   CLOUDSDK_AUTH_CREDENTIAL_FILE_OVERRIDE: /home/runner/work/OmniTask/OmniTask/gha-creds-d51642a635009526.json
deploy	Setup Node.js	2026-02-27T06:14:46.9090751Z   GOOGLE_APPLICATION_CREDENTIALS: /home/runner/work/OmniTask/OmniTask/gha-creds-d51642a635009526.json
deploy	Setup Node.js	2026-02-27T06:14:46.9091319Z   GOOGLE_GHA_CREDS_PATH: /home/runner/work/OmniTask/OmniTask/gha-creds-d51642a635009526.json
deploy	Setup Node.js	2026-02-27T06:14:46.9091979Z   CLOUDSDK_CORE_PROJECT: ***
deploy	Setup Node.js	2026-02-27T06:14:46.9092263Z   CLOUDSDK_PROJECT: ***
deploy	Setup Node.js	2026-02-27T06:14:46.9092493Z   GCLOUD_PROJECT: ***
deploy	Setup Node.js	2026-02-27T06:14:46.9092701Z   GCP_PROJECT: ***
deploy	Setup Node.js	2026-02-27T06:14:46.9092923Z   GOOGLE_CLOUD_PROJECT: ***
deploy	Setup Node.js	2026-02-27T06:14:46.9093213Z   CLOUDSDK_METRICS_ENVIRONMENT: github-actions-setup-gcloud
deploy	Setup Node.js	2026-02-27T06:14:46.9093536Z   CLOUDSDK_METRICS_ENVIRONMENT_VERSION: 2.2.1
deploy	Setup Node.js	2026-02-27T06:14:46.9093782Z ##[endgroup]
deploy	Setup Node.js	2026-02-27T06:14:47.0703364Z Found in cache @ /opt/hostedtoolcache/node/22.22.0/x64
deploy	Setup Node.js	2026-02-27T06:14:47.0709782Z ##[group]Environment details
deploy	Setup Node.js	2026-02-27T06:14:47.3549610Z node: v22.22.0
deploy	Setup Node.js	2026-02-27T06:14:47.3550020Z npm: 10.9.4
deploy	Setup Node.js	2026-02-27T06:14:47.3550193Z yarn: 1.22.22
deploy	Setup Node.js	2026-02-27T06:14:47.3550690Z ##[endgroup]
deploy	Setup Node.js	2026-02-27T06:14:47.3570775Z [command]/usr/local/bin/yarn --version
deploy	Setup Node.js	2026-02-27T06:14:47.4722237Z 1.22.22
deploy	Setup Node.js	2026-02-27T06:14:47.4801159Z [command]/usr/local/bin/yarn cache dir
deploy	Setup Node.js	2026-02-27T06:14:47.6188915Z /home/runner/.cache/yarn/v6
deploy	Setup Node.js	2026-02-27T06:14:47.6391601Z [command]/usr/local/bin/yarn config get enableGlobalCache
deploy	Setup Node.js	2026-02-27T06:14:47.7745163Z undefined
deploy	Setup Node.js	2026-02-27T06:14:48.0022724Z Cache hit for: node-cache-Linux-x64-yarn-7c694e35956a7aa4a58aace2cb04013bcadd7e8ebc71d343624d7c8ac3b7df52
deploy	Setup Node.js	2026-02-27T06:14:49.2557745Z Received 33554432 of 701992355 (4.8%), 32.0 MBs/sec
deploy	Setup Node.js	2026-02-27T06:14:50.2565511Z Received 138412032 of 701992355 (19.7%), 66.0 MBs/sec
deploy	Setup Node.js	2026-02-27T06:14:51.2569663Z Received 272629760 of 701992355 (38.8%), 86.6 MBs/sec
deploy	Setup Node.js	2026-02-27T06:14:52.2567796Z Received 402653184 of 701992355 (57.4%), 96.0 MBs/sec
deploy	Setup Node.js	2026-02-27T06:14:53.2577905Z Received 536870912 of 701992355 (76.5%), 102.4 MBs/sec
deploy	Setup Node.js	2026-02-27T06:14:54.2586433Z Received 671088640 of 701992355 (95.6%), 106.6 MBs/sec
deploy	Setup Node.js	2026-02-27T06:14:54.5379511Z Received 701992355 of 701992355 (100.0%), 106.6 MBs/sec
deploy	Setup Node.js	2026-02-27T06:14:54.5379903Z Cache Size: ~669 MB (701992355 B)
deploy	Setup Node.js	2026-02-27T06:14:54.5413195Z [command]/usr/bin/tar -xf /home/runner/work/_temp/b8e345dd-e887-4bd7-b258-d7710be06513/cache.tzst -P -C /home/runner/work/OmniTask/OmniTask --use-compress-program unzstd
deploy	Setup Node.js	2026-02-27T06:14:57.2261479Z Cache restored successfully
deploy	Setup Node.js	2026-02-27T06:14:57.3080142Z Cache restored from key: node-cache-Linux-x64-yarn-7c694e35956a7aa4a58aace2cb04013bcadd7e8ebc71d343624d7c8ac3b7df52
deploy	Install dependencies	﻿2026-02-27T06:14:57.3202981Z ##[group]Run yarn install
deploy	Install dependencies	2026-02-27T06:14:57.3203260Z [36;1myarn install[0m
deploy	Install dependencies	2026-02-27T06:14:57.3671432Z shell: /usr/bin/bash -e {0}
deploy	Install dependencies	2026-02-27T06:14:57.3671805Z env:
deploy	Install dependencies	2026-02-27T06:14:57.3672089Z   PROJECT_ID: ***
deploy	Install dependencies	2026-02-27T06:14:57.3672291Z   REGION: us-east1
deploy	Install dependencies	2026-02-27T06:14:57.3672484Z   SERVICE_NAME: omnitask
deploy	Install dependencies	2026-02-27T06:14:57.3672734Z   ARTIFACT_REGISTRY: us-east1-docker.pkg.dev
deploy	Install dependencies	2026-02-27T06:14:57.3673230Z   CLOUDSDK_AUTH_CREDENTIAL_FILE_OVERRIDE: /home/runner/work/OmniTask/OmniTask/gha-creds-d51642a635009526.json
deploy	Install dependencies	2026-02-27T06:14:57.3673876Z   GOOGLE_APPLICATION_CREDENTIALS: /home/runner/work/OmniTask/OmniTask/gha-creds-d51642a635009526.json
deploy	Install dependencies	2026-02-27T06:14:57.3674456Z   GOOGLE_GHA_CREDS_PATH: /home/runner/work/OmniTask/OmniTask/gha-creds-d51642a635009526.json
deploy	Install dependencies	2026-02-27T06:14:57.3674878Z   CLOUDSDK_CORE_PROJECT: ***
deploy	Install dependencies	2026-02-27T06:14:57.3675122Z   CLOUDSDK_PROJECT: ***
deploy	Install dependencies	2026-02-27T06:14:57.3675344Z   GCLOUD_PROJECT: ***
deploy	Install dependencies	2026-02-27T06:14:57.3675559Z   GCP_PROJECT: ***
deploy	Install dependencies	2026-02-27T06:14:57.3675786Z   GOOGLE_CLOUD_PROJECT: ***
deploy	Install dependencies	2026-02-27T06:14:57.3676116Z   CLOUDSDK_METRICS_ENVIRONMENT: github-actions-setup-gcloud
deploy	Install dependencies	2026-02-27T06:14:57.3676449Z   CLOUDSDK_METRICS_ENVIRONMENT_VERSION: 2.2.1
deploy	Install dependencies	2026-02-27T06:14:57.3676697Z ##[endgroup]
deploy	Install dependencies	2026-02-27T06:14:57.4999538Z yarn install v1.22.22
deploy	Install dependencies	2026-02-27T06:14:57.6272568Z [1/4] Resolving packages...
deploy	Install dependencies	2026-02-27T06:14:57.8363808Z [2/4] Fetching packages...
deploy	Install dependencies	2026-02-27T06:14:58.1216615Z [3/4] Linking dependencies...
deploy	Install dependencies	2026-02-27T06:14:58.1254116Z warning " > @angular/fire@20.0.1" has incorrect peer dependency "@angular/common@^20.0.0".
deploy	Install dependencies	2026-02-27T06:14:58.1262619Z warning " > @angular/fire@20.0.1" has incorrect peer dependency "@angular/core@^20.0.0".
deploy	Install dependencies	2026-02-27T06:14:58.1264266Z warning " > @angular/fire@20.0.1" has incorrect peer dependency "@angular/platform-browser@^20.0.0".
deploy	Install dependencies	2026-02-27T06:14:58.1265886Z warning " > @angular/fire@20.0.1" has unmet peer dependency "@angular/platform-browser-dynamic@^20.0.0".
deploy	Install dependencies	2026-02-27T06:14:58.1300206Z warning "@angular/cli > @modelcontextprotocol/sdk > @hono/node-server@1.19.9" has unmet peer dependency "hono@^4".
deploy	Install dependencies	2026-02-27T06:15:06.5398226Z [4/4] Building fresh packages...
deploy	Install dependencies	2026-02-27T06:15:07.2708655Z Done in 9.77s.
deploy	Build Angular app	﻿2026-02-27T06:15:07.2948167Z ##[group]Run yarn build
deploy	Build Angular app	2026-02-27T06:15:07.2948601Z [36;1myarn build[0m
deploy	Build Angular app	2026-02-27T06:15:07.2978931Z shell: /usr/bin/bash -e {0}
deploy	Build Angular app	2026-02-27T06:15:07.2979200Z env:
deploy	Build Angular app	2026-02-27T06:15:07.2979447Z   PROJECT_ID: ***
deploy	Build Angular app	2026-02-27T06:15:07.2979644Z   REGION: us-east1
deploy	Build Angular app	2026-02-27T06:15:07.2979838Z   SERVICE_NAME: omnitask
deploy	Build Angular app	2026-02-27T06:15:07.2980079Z   ARTIFACT_REGISTRY: us-east1-docker.pkg.dev
deploy	Build Angular app	2026-02-27T06:15:07.2980574Z   CLOUDSDK_AUTH_CREDENTIAL_FILE_OVERRIDE: /home/runner/work/OmniTask/OmniTask/gha-creds-d51642a635009526.json
deploy	Build Angular app	2026-02-27T06:15:07.2981225Z   GOOGLE_APPLICATION_CREDENTIALS: /home/runner/work/OmniTask/OmniTask/gha-creds-d51642a635009526.json
deploy	Build Angular app	2026-02-27T06:15:07.2982394Z   GOOGLE_GHA_CREDS_PATH: /home/runner/work/OmniTask/OmniTask/gha-creds-d51642a635009526.json
deploy	Build Angular app	2026-02-27T06:15:07.2982860Z   CLOUDSDK_CORE_PROJECT: ***
deploy	Build Angular app	2026-02-27T06:15:07.2983104Z   CLOUDSDK_PROJECT: ***
deploy	Build Angular app	2026-02-27T06:15:07.2983324Z   GCLOUD_PROJECT: ***
deploy	Build Angular app	2026-02-27T06:15:07.2983535Z   GCP_PROJECT: ***
deploy	Build Angular app	2026-02-27T06:15:07.2983739Z   GOOGLE_CLOUD_PROJECT: ***
deploy	Build Angular app	2026-02-27T06:15:07.2984089Z   CLOUDSDK_METRICS_ENVIRONMENT: github-actions-setup-gcloud
deploy	Build Angular app	2026-02-27T06:15:07.2984428Z   CLOUDSDK_METRICS_ENVIRONMENT_VERSION: 2.2.1
deploy	Build Angular app	2026-02-27T06:15:07.2984686Z ##[endgroup]
deploy	Build Angular app	2026-02-27T06:15:07.4212107Z yarn run v1.22.22
deploy	Build Angular app	2026-02-27T06:15:07.4407431Z $ ng build
deploy	Build Angular app	2026-02-27T06:15:08.0101188Z [33m❯[39m Building...
deploy	Build Angular app	2026-02-27T06:15:18.0857481Z [32m✔[39m Building...
deploy	Build Angular app	2026-02-27T06:15:18.0871570Z [1mInitial chunk files[22m  [2m | [22m[1mNames[22m                   [2m | [22m [1mRaw size[22m[2m | [22m[1mEstimated transfer size[22m
deploy	Build Angular app	2026-02-27T06:15:18.0873093Z [32mchunk-ECVIPZ4T.js[39m    [2m | [22m[2m-[22m                       [2m | [22m[36m655.85 kB[39m[2m | [22m              [36m169.55 kB[39m
deploy	Build Angular app	2026-02-27T06:15:18.0874553Z [32mstyles-DKFHENYV.css[39m  [2m | [22m[2mstyles[22m                  [2m | [22m [36m84.68 kB[39m[2m | [22m               [36m12.58 kB[39m
deploy	Build Angular app	2026-02-27T06:15:18.0875579Z [32mmain-DQREYICC.js[39m     [2m | [22m[2mmain[22m                    [2m | [22m [36m48.84 kB[39m[2m | [22m               [36m15.36 kB[39m
deploy	Build Angular app	2026-02-27T06:15:18.0876925Z [32mpolyfills-6ISPNSXF.js[39m[2m | [22m[2mpolyfills[22m               [2m | [22m [36m35.68 kB[39m[2m | [22m               [36m11.57 kB[39m
deploy	Build Angular app	2026-02-27T06:15:18.0878627Z [32mchunk-FTW36QFS.js[39m    [2m | [22m[2m-[22m                       [2m | [22m [36m18.16 kB[39m[2m | [22m                [36m6.26 kB[39m
deploy	Build Angular app	2026-02-27T06:15:18.0879278Z 
deploy	Build Angular app	2026-02-27T06:15:18.0880063Z [1m [22m                    [2m | [22m[1mInitial total[22m           [2m | [22m[1m[93m843.21 kB[39m[22m[2m | [22m              [1m215.31 kB[22m
deploy	Build Angular app	2026-02-27T06:15:18.0880444Z 
deploy	Build Angular app	2026-02-27T06:15:18.0880986Z [1mLazy chunk files[22m     [2m | [22m[1mNames[22m                   [2m | [22m [1mRaw size[22m[2m | [22m[1mEstimated transfer size[22m
deploy	Build Angular app	2026-02-27T06:15:18.0882226Z [32mchunk-PSSZZCNB.js[39m    [2m | [22m[2m-[22m                       [2m | [22m[36m181.67 kB[39m[2m | [22m               [36m46.19 kB[39m
deploy	Build Angular app	2026-02-27T06:15:18.0883633Z [32mchunk-OV5VX62F.js[39m    [2m | [22m[2m-[22m                       [2m | [22m[36m179.12 kB[39m[2m | [22m               [36m35.26 kB[39m
deploy	Build Angular app	2026-02-27T06:15:18.0884698Z [32mchunk-YDIM2EY7.js[39m    [2m | [22m[2mproject-detail-component[22m[2m | [22m [36m74.20 kB[39m[2m | [22m               [36m14.64 kB[39m
deploy	Build Angular app	2026-02-27T06:15:18.0886092Z [32mchunk-K5FBCRXN.js[39m    [2m | [22m[2m-[22m                       [2m | [22m [36m42.39 kB[39m[2m | [22m                [36m8.76 kB[39m
deploy	Build Angular app	2026-02-27T06:15:18.0887738Z [32mchunk-QQ5ZXEFZ.js[39m    [2m | [22m[2mdashboard-component[22m     [2m | [22m [36m32.09 kB[39m[2m | [22m                [36m8.17 kB[39m
deploy	Build Angular app	2026-02-27T06:15:18.0889417Z [32mchunk-TGPSAB4T.js[39m    [2m | [22m[2m-[22m                       [2m | [22m [36m12.19 kB[39m[2m | [22m                [36m3.11 kB[39m
deploy	Build Angular app	2026-02-27T06:15:18.0891063Z [32mchunk-ARZIFBMV.js[39m    [2m | [22m[2mlogin-component[22m         [2m | [22m [36m11.06 kB[39m[2m | [22m                [36m3.05 kB[39m
deploy	Build Angular app	2026-02-27T06:15:18.0893561Z [32mchunk-TWOTJV2R.js[39m    [2m | [22m[2mprojects-list-component[22m [2m | [22m [36m11.03 kB[39m[2m | [22m                [36m3.28 kB[39m
deploy	Build Angular app	2026-02-27T06:15:18.0895449Z [32mchunk-MWFYL3IF.js[39m    [2m | [22m[2msettings-component[22m      [2m | [22m  [36m8.51 kB[39m[2m | [22m                [36m2.77 kB[39m
deploy	Build Angular app	2026-02-27T06:15:18.0897203Z [32mchunk-LDYCZVES.js[39m    [2m | [22m[2m-[22m                       [2m | [22m  [36m6.71 kB[39m[2m | [22m                [36m2.47 kB[39m
deploy	Build Angular app	2026-02-27T06:15:18.0898922Z [32mchunk-C5QKHFUM.js[39m    [2m | [22m[2mboard-demo-component[22m    [2m | [22m  [36m2.58 kB[39m[2m | [22m                [36m1.08 kB[39m
deploy	Build Angular app	2026-02-27T06:15:18.0899642Z 
deploy	Build Angular app	2026-02-27T06:15:18.0900206Z Application bundle generation complete. [10.075 seconds] - 2026-02-27T06:15:18.084Z
deploy	Build Angular app	2026-02-27T06:15:18.0902397Z [1m[33m[33m▲ [43;33m[[43;30mWARNING[43;33m][0m [1mbundle initial exceeded maximum budget. Budget 500.00 kB was not met by 343.21 kB with a total of 843.21 kB.[0m
deploy	Build Angular app	2026-02-27T06:15:18.0903303Z 
deploy	Build Angular app	2026-02-27T06:15:18.0903322Z 
deploy	Build Angular app	2026-02-27T06:15:18.0906070Z [33m▲ [43;33m[[43;30mWARNING[43;33m][0m [1mangular:styles/component:css;eb37b821aea94724e7738d7be5c20ab49a675a1adbd7b40d7ed1562cd6dcd03a;/home/runner/work/OmniTask/OmniTask/src/app/shared/components/markdown-editor/markdown-editor.component.ts exceeded maximum budget. Budget 4.00 kB was not met by 761 bytes with a total of 4.76 kB.[0m
deploy	Build Angular app	2026-02-27T06:15:18.0908101Z 
deploy	Build Angular app	2026-02-27T06:15:18.0908119Z 
deploy	Build Angular app	2026-02-27T06:15:18.0909574Z [33m▲ [43;33m[[43;30mWARNING[43;33m][0m [1msrc/app/core/auth/login.component.css exceeded maximum budget. Budget 4.00 kB was not met by 2.23 kB with a total of 6.23 kB.[0m
deploy	Build Angular app	2026-02-27T06:15:18.0910906Z 
deploy	Build Angular app	2026-02-27T06:15:18.0911125Z [39m[22m
deploy	Build Angular app	2026-02-27T06:15:18.0911309Z 
deploy	Build Angular app	2026-02-27T06:15:18.0911947Z Output location: /home/runner/work/OmniTask/OmniTask/dist/omni-task
deploy	Build Angular app	2026-02-27T06:15:18.0912380Z 
deploy	Build Angular app	2026-02-27T06:15:18.1713352Z Done in 10.75s.
deploy	Install Firebase Functions dependencies	﻿2026-02-27T06:15:18.1824723Z ##[group]Run cd functions
deploy	Install Firebase Functions dependencies	2026-02-27T06:15:18.1825176Z [36;1mcd functions[0m
deploy	Install Firebase Functions dependencies	2026-02-27T06:15:18.1825516Z [36;1mnpm ci[0m
deploy	Install Firebase Functions dependencies	2026-02-27T06:15:18.1825813Z [36;1mcd ..[0m
deploy	Install Firebase Functions dependencies	2026-02-27T06:15:18.1864292Z shell: /usr/bin/bash -e {0}
deploy	Install Firebase Functions dependencies	2026-02-27T06:15:18.1864569Z env:
deploy	Install Firebase Functions dependencies	2026-02-27T06:15:18.1864829Z   PROJECT_ID: ***
deploy	Install Firebase Functions dependencies	2026-02-27T06:15:18.1865034Z   REGION: us-east1
deploy	Install Firebase Functions dependencies	2026-02-27T06:15:18.1865231Z   SERVICE_NAME: omnitask
deploy	Install Firebase Functions dependencies	2026-02-27T06:15:18.1865480Z   ARTIFACT_REGISTRY: us-east1-docker.pkg.dev
deploy	Install Firebase Functions dependencies	2026-02-27T06:15:18.1865987Z   CLOUDSDK_AUTH_CREDENTIAL_FILE_OVERRIDE: /home/runner/work/OmniTask/OmniTask/gha-creds-d51642a635009526.json
deploy	Install Firebase Functions dependencies	2026-02-27T06:15:18.1866662Z   GOOGLE_APPLICATION_CREDENTIALS: /home/runner/work/OmniTask/OmniTask/gha-creds-d51642a635009526.json
deploy	Install Firebase Functions dependencies	2026-02-27T06:15:18.1867254Z   GOOGLE_GHA_CREDS_PATH: /home/runner/work/OmniTask/OmniTask/gha-creds-d51642a635009526.json
deploy	Install Firebase Functions dependencies	2026-02-27T06:15:18.1867681Z   CLOUDSDK_CORE_PROJECT: ***
deploy	Install Firebase Functions dependencies	2026-02-27T06:15:18.1867922Z   CLOUDSDK_PROJECT: ***
deploy	Install Firebase Functions dependencies	2026-02-27T06:15:18.1868140Z   GCLOUD_PROJECT: ***
deploy	Install Firebase Functions dependencies	2026-02-27T06:15:18.1868395Z   GCP_PROJECT: ***
deploy	Install Firebase Functions dependencies	2026-02-27T06:15:18.1868599Z   GOOGLE_CLOUD_PROJECT: ***
deploy	Install Firebase Functions dependencies	2026-02-27T06:15:18.1868885Z   CLOUDSDK_METRICS_ENVIRONMENT: github-actions-setup-gcloud
deploy	Install Firebase Functions dependencies	2026-02-27T06:15:18.1869219Z   CLOUDSDK_METRICS_ENVIRONMENT_VERSION: 2.2.1
deploy	Install Firebase Functions dependencies	2026-02-27T06:15:18.1869471Z ##[endgroup]
deploy	Install Firebase Functions dependencies	2026-02-27T06:15:18.7412622Z npm warn EBADENGINE Unsupported engine {
deploy	Install Firebase Functions dependencies	2026-02-27T06:15:18.7413146Z npm warn EBADENGINE   package: undefined,
deploy	Install Firebase Functions dependencies	2026-02-27T06:15:18.7434565Z npm warn EBADENGINE   required: { node: '20' },
deploy	Install Firebase Functions dependencies	2026-02-27T06:15:18.7435267Z npm warn EBADENGINE   current: { node: 'v22.22.0', npm: '10.9.4' }
deploy	Install Firebase Functions dependencies	2026-02-27T06:15:18.7435781Z npm warn EBADENGINE }
deploy	Install Firebase Functions dependencies	2026-02-27T06:15:26.5277886Z 
deploy	Install Firebase Functions dependencies	2026-02-27T06:15:26.5278446Z added 527 packages, and audited 528 packages in 8s
deploy	Install Firebase Functions dependencies	2026-02-27T06:15:26.5278713Z 
deploy	Install Firebase Functions dependencies	2026-02-27T06:15:26.5278869Z 68 packages are looking for funding
deploy	Install Firebase Functions dependencies	2026-02-27T06:15:26.5279143Z   run `npm fund` for details
deploy	Install Firebase Functions dependencies	2026-02-27T06:15:26.5339946Z 
deploy	Install Firebase Functions dependencies	2026-02-27T06:15:26.5340729Z 5 vulnerabilities (1 low, 1 moderate, 2 high, 1 critical)
deploy	Install Firebase Functions dependencies	2026-02-27T06:15:26.5341031Z 
deploy	Install Firebase Functions dependencies	2026-02-27T06:15:26.5341155Z To address all issues, run:
deploy	Install Firebase Functions dependencies	2026-02-27T06:15:26.5341396Z   npm audit fix
deploy	Install Firebase Functions dependencies	2026-02-27T06:15:26.5341510Z 
deploy	Install Firebase Functions dependencies	2026-02-27T06:15:26.5341625Z Run `npm audit` for details.
deploy	Enable Required APIs for Firebase Extensions	﻿2026-02-27T06:15:26.5868057Z ##[group]Run gcloud services enable firebaseinstallations.googleapis.com aiplatform.googleapis.com --project ***
deploy	Enable Required APIs for Firebase Extensions	2026-02-27T06:15:26.5869428Z [36;1mgcloud services enable firebaseinstallations.googleapis.com aiplatform.googleapis.com --project ***[0m
deploy	Enable Required APIs for Firebase Extensions	2026-02-27T06:15:26.5912789Z shell: /usr/bin/bash -e {0}
deploy	Enable Required APIs for Firebase Extensions	2026-02-27T06:15:26.5913200Z env:
deploy	Enable Required APIs for Firebase Extensions	2026-02-27T06:15:26.5913567Z   PROJECT_ID: ***
deploy	Enable Required APIs for Firebase Extensions	2026-02-27T06:15:26.5913881Z   REGION: us-east1
deploy	Enable Required APIs for Firebase Extensions	2026-02-27T06:15:26.5914182Z   SERVICE_NAME: omnitask
deploy	Enable Required APIs for Firebase Extensions	2026-02-27T06:15:26.5914585Z   ARTIFACT_REGISTRY: us-east1-docker.pkg.dev
deploy	Enable Required APIs for Firebase Extensions	2026-02-27T06:15:26.5915397Z   CLOUDSDK_AUTH_CREDENTIAL_FILE_OVERRIDE: /home/runner/work/OmniTask/OmniTask/gha-creds-d51642a635009526.json
deploy	Enable Required APIs for Firebase Extensions	2026-02-27T06:15:26.5916542Z   GOOGLE_APPLICATION_CREDENTIALS: /home/runner/work/OmniTask/OmniTask/gha-creds-d51642a635009526.json
deploy	Enable Required APIs for Firebase Extensions	2026-02-27T06:15:26.5917545Z   GOOGLE_GHA_CREDS_PATH: /home/runner/work/OmniTask/OmniTask/gha-creds-d51642a635009526.json
deploy	Enable Required APIs for Firebase Extensions	2026-02-27T06:15:26.5918303Z   CLOUDSDK_CORE_PROJECT: ***
deploy	Enable Required APIs for Firebase Extensions	2026-02-27T06:15:26.5918786Z   CLOUDSDK_PROJECT: ***
deploy	Enable Required APIs for Firebase Extensions	2026-02-27T06:15:26.5919157Z   GCLOUD_PROJECT: ***
deploy	Enable Required APIs for Firebase Extensions	2026-02-27T06:15:26.5919532Z   GCP_PROJECT: ***
deploy	Enable Required APIs for Firebase Extensions	2026-02-27T06:15:26.5919888Z   GOOGLE_CLOUD_PROJECT: ***
deploy	Enable Required APIs for Firebase Extensions	2026-02-27T06:15:26.5920381Z   CLOUDSDK_METRICS_ENVIRONMENT: github-actions-setup-gcloud
deploy	Enable Required APIs for Firebase Extensions	2026-02-27T06:15:26.5921206Z   CLOUDSDK_METRICS_ENVIRONMENT_VERSION: 2.2.1
deploy	Enable Required APIs for Firebase Extensions	2026-02-27T06:15:26.5921605Z ##[endgroup]
deploy	Enable Required APIs for Firebase Extensions	2026-02-27T06:15:31.2061359Z Operation "operations/acat.p2-***-5fc4179a-f38f-4d6f-bb3e-ffa99de4c3a6" finished successfully.
deploy	Deploy to Firebase (Hosting, Firestore, Functions, Extensions)	﻿2026-02-27T06:15:31.2978948Z ##[group]Run npx firebase-tools deploy --only hosting,firestore,functions,extensions --project *** --non-interactive --force
deploy	Deploy to Firebase (Hosting, Firestore, Functions, Extensions)	2026-02-27T06:15:31.2979842Z [36;1mnpx firebase-tools deploy --only hosting,firestore,functions,extensions --project *** --non-interactive --force[0m
deploy	Deploy to Firebase (Hosting, Firestore, Functions, Extensions)	2026-02-27T06:15:31.3007629Z shell: /usr/bin/bash -e {0}
deploy	Deploy to Firebase (Hosting, Firestore, Functions, Extensions)	2026-02-27T06:15:31.3007887Z env:
deploy	Deploy to Firebase (Hosting, Firestore, Functions, Extensions)	2026-02-27T06:15:31.3008116Z   PROJECT_ID: ***
deploy	Deploy to Firebase (Hosting, Firestore, Functions, Extensions)	2026-02-27T06:15:31.3008313Z   REGION: us-east1
deploy	Deploy to Firebase (Hosting, Firestore, Functions, Extensions)	2026-02-27T06:15:31.3008507Z   SERVICE_NAME: omnitask
deploy	Deploy to Firebase (Hosting, Firestore, Functions, Extensions)	2026-02-27T06:15:31.3008745Z   ARTIFACT_REGISTRY: us-east1-docker.pkg.dev
deploy	Deploy to Firebase (Hosting, Firestore, Functions, Extensions)	2026-02-27T06:15:31.3009236Z   CLOUDSDK_AUTH_CREDENTIAL_FILE_OVERRIDE: /home/runner/work/OmniTask/OmniTask/gha-creds-d51642a635009526.json
deploy	Deploy to Firebase (Hosting, Firestore, Functions, Extensions)	2026-02-27T06:15:31.3009880Z   GOOGLE_APPLICATION_CREDENTIALS: /home/runner/work/OmniTask/OmniTask/gha-creds-d51642a635009526.json
deploy	Deploy to Firebase (Hosting, Firestore, Functions, Extensions)	2026-02-27T06:15:31.3010469Z   GOOGLE_GHA_CREDS_PATH: /home/runner/work/OmniTask/OmniTask/gha-creds-d51642a635009526.json
deploy	Deploy to Firebase (Hosting, Firestore, Functions, Extensions)	2026-02-27T06:15:31.3010886Z   CLOUDSDK_CORE_PROJECT: ***
deploy	Deploy to Firebase (Hosting, Firestore, Functions, Extensions)	2026-02-27T06:15:31.3011177Z   CLOUDSDK_PROJECT: ***
deploy	Deploy to Firebase (Hosting, Firestore, Functions, Extensions)	2026-02-27T06:15:31.3011397Z   GCLOUD_PROJECT: ***
deploy	Deploy to Firebase (Hosting, Firestore, Functions, Extensions)	2026-02-27T06:15:31.3011611Z   GCP_PROJECT: ***
deploy	Deploy to Firebase (Hosting, Firestore, Functions, Extensions)	2026-02-27T06:15:31.3011956Z   GOOGLE_CLOUD_PROJECT: ***
deploy	Deploy to Firebase (Hosting, Firestore, Functions, Extensions)	2026-02-27T06:15:31.3012259Z   CLOUDSDK_METRICS_ENVIRONMENT: github-actions-setup-gcloud
deploy	Deploy to Firebase (Hosting, Firestore, Functions, Extensions)	2026-02-27T06:15:31.3012598Z   CLOUDSDK_METRICS_ENVIRONMENT_VERSION: 2.2.1
deploy	Deploy to Firebase (Hosting, Firestore, Functions, Extensions)	2026-02-27T06:15:31.3012859Z ##[endgroup]
deploy	Deploy to Firebase (Hosting, Firestore, Functions, Extensions)	2026-02-27T06:15:32.3129513Z npm warn exec The following package was not found and will be installed: firebase-tools@15.8.0
deploy	Deploy to Firebase (Hosting, Firestore, Functions, Extensions)	2026-02-27T06:15:46.1473561Z npm warn deprecated node-domexception@1.0.0: Use your platform's native DOMException instead
deploy	Deploy to Firebase (Hosting, Firestore, Functions, Extensions)	2026-02-27T06:15:46.7075034Z npm warn deprecated glob@10.5.0: Old versions of glob are not supported, and contain widely publicized security vulnerabilities, which have been fixed in the current version. Please update. Support for old versions may be purchased (at exorbitant rates) by contacting i@izs.me
deploy	Deploy to Firebase (Hosting, Firestore, Functions, Extensions)	2026-02-27T06:15:47.4613110Z npm warn deprecated json-ptr@3.1.1: Package no longer supported. Contact Support at https://www.npmjs.com/support for more info.
deploy	Deploy to Firebase (Hosting, Firestore, Functions, Extensions)	2026-02-27T06:15:52.6616445Z 
deploy	Deploy to Firebase (Hosting, Firestore, Functions, Extensions)	2026-02-27T06:15:52.6619930Z [1m[37m===[39m Deploying to '***'...[22m
deploy	Deploy to Firebase (Hosting, Firestore, Functions, Extensions)	2026-02-27T06:15:52.6620377Z 
deploy	Deploy to Firebase (Hosting, Firestore, Functions, Extensions)	2026-02-27T06:15:52.6620903Z [36m[1mi [22m[39m deploying [1mfirestore, functions, hosting, extensions[22m
deploy	Deploy to Firebase (Hosting, Firestore, Functions, Extensions)	2026-02-27T06:15:52.6628909Z [36m[1mi  firestore:[22m[39m ensuring required API [1mfirestore.googleapis.com[22m is enabled...
deploy	Deploy to Firebase (Hosting, Firestore, Functions, Extensions)	2026-02-27T06:15:53.1028257Z [32m[1m✔  firestore:[22m[39m required API [1mfirestore.googleapis.com[22m is enabled
deploy	Deploy to Firebase (Hosting, Firestore, Functions, Extensions)	2026-02-27T06:15:53.1043197Z [36m[1mi  firestore:[22m[39m ensuring required API [1mfirestore.googleapis.com[22m is enabled...
deploy	Deploy to Firebase (Hosting, Firestore, Functions, Extensions)	2026-02-27T06:15:53.4891117Z [36m[1mi [22m[39m [1m[36mfirestore:[39m[22m reading indexes from [1mfirestore.indexes.json[22m...
deploy	Deploy to Firebase (Hosting, Firestore, Functions, Extensions)	2026-02-27T06:15:53.4895611Z [36m[1mi  cloud.firestore:[22m[39m checking [1mfirestore.rules[22m for compilation errors...
deploy	Deploy to Firebase (Hosting, Firestore, Functions, Extensions)	2026-02-27T06:15:53.7290120Z [32m[1m✔  cloud.firestore:[22m[39m rules file [1mfirestore.rules[22m compiled successfully
deploy	Deploy to Firebase (Hosting, Firestore, Functions, Extensions)	2026-02-27T06:15:54.2452965Z [36m[1mi  functions:[22m[39m preparing codebase [1mdefault[22m for deployment
deploy	Deploy to Firebase (Hosting, Firestore, Functions, Extensions)	2026-02-27T06:15:54.2454238Z [36m[1mi  functions:[22m[39m ensuring required API [1mcloudfunctions.googleapis.com[22m is enabled...
deploy	Deploy to Firebase (Hosting, Firestore, Functions, Extensions)	2026-02-27T06:15:54.2458765Z [36m[1mi  functions:[22m[39m ensuring required API [1mcloudbuild.googleapis.com[22m is enabled...
deploy	Deploy to Firebase (Hosting, Firestore, Functions, Extensions)	2026-02-27T06:15:54.2460534Z [36m[1mi  artifactregistry:[22m[39m ensuring required API [1martifactregistry.googleapis.com[22m is enabled...
deploy	Deploy to Firebase (Hosting, Firestore, Functions, Extensions)	2026-02-27T06:15:54.4539016Z [32m[1m✔  functions:[22m[39m required API [1mcloudfunctions.googleapis.com[22m is enabled
deploy	Deploy to Firebase (Hosting, Firestore, Functions, Extensions)	2026-02-27T06:15:54.6973468Z [32m[1m✔  artifactregistry:[22m[39m required API [1martifactregistry.googleapis.com[22m is enabled
deploy	Deploy to Firebase (Hosting, Firestore, Functions, Extensions)	2026-02-27T06:15:54.7459793Z [32m[1m✔  functions:[22m[39m required API [1mcloudbuild.googleapis.com[22m is enabled
deploy	Deploy to Firebase (Hosting, Firestore, Functions, Extensions)	2026-02-27T06:15:55.2228061Z [33m[1m⚠  functions:[22m[39m Runtime Node.js 20 will be deprecated on 2026-04-30 and will be decommissioned on 2026-10-30, after which you will not be able to deploy without upgrading. Consider upgrading now to avoid disruption. See https://cloud.google.com/functions/docs/runtime-support for full details on the lifecycle policy
deploy	Deploy to Firebase (Hosting, Firestore, Functions, Extensions)	2026-02-27T06:15:55.5506050Z [33m[1m⚠ [22m[39m [1m[33mfunctions: [39m[22mpackage.json indicates an outdated version of firebase-functions. Please upgrade using [1mnpm install --save firebase-functions@latest[22m in your functions directory.
deploy	Deploy to Firebase (Hosting, Firestore, Functions, Extensions)	2026-02-27T06:15:55.5508326Z [33m[1m⚠ [22m[39m [1m[33mfunctions: [39m[22mPlease note that there will be breaking changes when you upgrade.
deploy	Deploy to Firebase (Hosting, Firestore, Functions, Extensions)	2026-02-27T06:15:55.5512592Z [36m[1mi  functions:[22m[39m Loading and analyzing source code for codebase default to determine what to deploy
deploy	Deploy to Firebase (Hosting, Firestore, Functions, Extensions)	2026-02-27T06:15:55.6435277Z Serving at port 8939
deploy	Deploy to Firebase (Hosting, Firestore, Functions, Extensions)	2026-02-27T06:15:55.6435618Z 
deploy	Deploy to Firebase (Hosting, Firestore, Functions, Extensions)	2026-02-27T06:16:00.2288164Z [36m[1mi  extensions:[22m[39m ensuring required API [1mfirebaseextensions.googleapis.com[22m is enabled...
deploy	Deploy to Firebase (Hosting, Firestore, Functions, Extensions)	2026-02-27T06:16:00.6555424Z [32m[1m✔  extensions:[22m[39m required API [1mfirebaseextensions.googleapis.com[22m is enabled
deploy	Deploy to Firebase (Hosting, Firestore, Functions, Extensions)	2026-02-27T06:16:02.0929966Z [36m[1mi  functions:[22m[39m preparing [1mfunctions[22m directory for uploading...
deploy	Deploy to Firebase (Hosting, Firestore, Functions, Extensions)	2026-02-27T06:16:02.1204855Z [36m[1mi [22m[39m [36m[1mfunctions:[22m[39m packaged [1m/home/runner/work/OmniTask/OmniTask/functions[22m (51.6 KB) for uploading
deploy	Deploy to Firebase (Hosting, Firestore, Functions, Extensions)	2026-02-27T06:16:03.6119762Z [36m[1mi  functions:[22m[39m ensuring required API [1mcloudscheduler.googleapis.com[22m is enabled...
deploy	Deploy to Firebase (Hosting, Firestore, Functions, Extensions)	2026-02-27T06:16:03.7722520Z [32m[1m✔  functions:[22m[39m required API [1mcloudscheduler.googleapis.com[22m is enabled
deploy	Deploy to Firebase (Hosting, Firestore, Functions, Extensions)	2026-02-27T06:16:03.7748985Z [36m[1mi  functions:[22m[39m ensuring required API [1mrun.googleapis.com[22m is enabled...
deploy	Deploy to Firebase (Hosting, Firestore, Functions, Extensions)	2026-02-27T06:16:03.7751308Z [36m[1mi  functions:[22m[39m ensuring required API [1meventarc.googleapis.com[22m is enabled...
deploy	Deploy to Firebase (Hosting, Firestore, Functions, Extensions)	2026-02-27T06:16:03.7753110Z [36m[1mi  functions:[22m[39m ensuring required API [1mpubsub.googleapis.com[22m is enabled...
deploy	Deploy to Firebase (Hosting, Firestore, Functions, Extensions)	2026-02-27T06:16:03.7754531Z [36m[1mi  functions:[22m[39m ensuring required API [1mstorage.googleapis.com[22m is enabled...
deploy	Deploy to Firebase (Hosting, Firestore, Functions, Extensions)	2026-02-27T06:16:04.1964070Z [32m[1m✔  functions:[22m[39m required API [1mrun.googleapis.com[22m is enabled
deploy	Deploy to Firebase (Hosting, Firestore, Functions, Extensions)	2026-02-27T06:16:04.2012428Z [32m[1m✔  functions:[22m[39m required API [1mpubsub.googleapis.com[22m is enabled
deploy	Deploy to Firebase (Hosting, Firestore, Functions, Extensions)	2026-02-27T06:16:04.2026455Z [32m[1m✔  functions:[22m[39m required API [1meventarc.googleapis.com[22m is enabled
deploy	Deploy to Firebase (Hosting, Firestore, Functions, Extensions)	2026-02-27T06:16:04.2038791Z [32m[1m✔  functions:[22m[39m required API [1mstorage.googleapis.com[22m is enabled
deploy	Deploy to Firebase (Hosting, Firestore, Functions, Extensions)	2026-02-27T06:16:04.2048084Z [36m[1mi  functions:[22m[39m generating the service identity for [1mpubsub.googleapis.com[22m...
deploy	Deploy to Firebase (Hosting, Firestore, Functions, Extensions)	2026-02-27T06:16:04.2050021Z [36m[1mi  functions:[22m[39m generating the service identity for [1meventarc.googleapis.com[22m...
deploy	Deploy to Firebase (Hosting, Firestore, Functions, Extensions)	2026-02-27T06:16:04.7436957Z [36m[1mi  functions:[22m[39m ensuring required API [1msecretmanager.googleapis.com[22m is enabled...
deploy	Deploy to Firebase (Hosting, Firestore, Functions, Extensions)	2026-02-27T06:16:04.8827815Z [32m[1m✔  functions:[22m[39m required API [1msecretmanager.googleapis.com[22m is enabled
deploy	Deploy to Firebase (Hosting, Firestore, Functions, Extensions)	2026-02-27T06:16:06.6745697Z [36m[1mi  extensions:[22m[39m ensuring required API [1mfirebaseextensions.googleapis.com[22m is enabled...
deploy	Deploy to Firebase (Hosting, Firestore, Functions, Extensions)	2026-02-27T06:16:11.8797229Z [36m[1mi  extensions:[22m[39m ensuring required API [1msecretmanager.googleapis.com[22m is enabled...
deploy	Deploy to Firebase (Hosting, Firestore, Functions, Extensions)	2026-02-27T06:16:12.2648997Z [32m[1m✔  extensions:[22m[39m required API [1msecretmanager.googleapis.com[22m is enabled
deploy	Deploy to Firebase (Hosting, Firestore, Functions, Extensions)	2026-02-27T06:16:12.2684206Z [36m[1mi  extensions:[22m[39m ensuring required API [1mcompute.googleapis.com[22m is enabled...
deploy	Deploy to Firebase (Hosting, Firestore, Functions, Extensions)	2026-02-27T06:16:12.7454329Z [32m[1m✔  extensions:[22m[39m required API [1mcompute.googleapis.com[22m is enabled
deploy	Deploy to Firebase (Hosting, Firestore, Functions, Extensions)	2026-02-27T06:16:13.0708026Z The following extension instances will be configured:
deploy	Deploy to Firebase (Hosting, Firestore, Functions, Extensions)	2026-02-27T06:16:13.0709152Z 	[1mfirestore-send-email[22m (firebase/firestore-send-email@0.2.4)
deploy	Deploy to Firebase (Hosting, Firestore, Functions, Extensions)	2026-02-27T06:16:13.0710400Z 	[1mdelete-user-data[22m (firebase/delete-user-data@0.1.25)
deploy	Deploy to Firebase (Hosting, Firestore, Functions, Extensions)	2026-02-27T06:16:13.0711339Z 	[1mstorage-resize-images[22m (firebase/storage-resize-images@0.3.0)
deploy	Deploy to Firebase (Hosting, Firestore, Functions, Extensions)	2026-02-27T06:16:13.0712368Z 	[1mspeech-to-text[22m (googlecloud/speech-to-text@0.1.8)
deploy	Deploy to Firebase (Hosting, Firestore, Functions, Extensions)	2026-02-27T06:16:13.0713205Z 	[1mfirestore-multimodal-genai[22m (googlecloud/firestore-multimodal-genai@1.0.5)
deploy	Deploy to Firebase (Hosting, Firestore, Functions, Extensions)	2026-02-27T06:16:13.0714228Z 	[1mfirestore-vector-search[22m (googlecloud/firestore-vector-search@0.1.1)
deploy	Deploy to Firebase (Hosting, Firestore, Functions, Extensions)	2026-02-27T06:16:13.0714742Z 
deploy	Deploy to Firebase (Hosting, Firestore, Functions, Extensions)	2026-02-27T06:16:13.1393776Z [36m[1mi  extensions:[22m[39m By installing an extension instance onto a Firebase project, you accept the Firebase Extensions User Terms of Service: https://firebase.google.com/terms/extensions/user
deploy	Deploy to Firebase (Hosting, Firestore, Functions, Extensions)	2026-02-27T06:16:13.8078312Z [36m[1mi  firestore:[22m[39m latest version of [1mfirestore.rules[22m already up to date, skipping upload...
deploy	Deploy to Firebase (Hosting, Firestore, Functions, Extensions)	2026-02-27T06:16:13.8079373Z [36m[1mi [22m[39m [1m[36mfirestore: [39m[22mdeploying indexes...
deploy	Deploy to Firebase (Hosting, Firestore, Functions, Extensions)	2026-02-27T06:16:14.4622167Z [32m[1m✔ [22m[39m [1m[32mfirestore:[39m[22m deployed indexes in [1mfirestore.indexes.json[22m successfully for (default) database
deploy	Deploy to Firebase (Hosting, Firestore, Functions, Extensions)	2026-02-27T06:16:15.3298088Z [32m[1m✔  functions:[22m[39m [1mfunctions[22m source uploaded successfully
deploy	Deploy to Firebase (Hosting, Firestore, Functions, Extensions)	2026-02-27T06:16:15.3314914Z [36m[1mi  hosting[***]:[22m[39m beginning deploy...
deploy	Deploy to Firebase (Hosting, Firestore, Functions, Extensions)	2026-02-27T06:16:15.3423703Z [36m[1mi  hosting[***]:[22m[39m found 37 files in [1mdist/omni-task/browser[22m
deploy	Deploy to Firebase (Hosting, Firestore, Functions, Extensions)	2026-02-27T06:16:17.3436208Z [36m[1mi  hosting:[22m[39m adding files to version [0/37] ([1m[32m0%[39m[22m)
deploy	Deploy to Firebase (Hosting, Firestore, Functions, Extensions)	2026-02-27T06:16:18.0420438Z [36m[1mi  hosting:[22m[39m upload complete
deploy	Deploy to Firebase (Hosting, Firestore, Functions, Extensions)	2026-02-27T06:16:18.0421126Z [32m[1m✔  hosting[***]:[22m[39m file upload complete
deploy	Deploy to Firebase (Hosting, Firestore, Functions, Extensions)	2026-02-27T06:16:18.2182594Z 
deploy	Deploy to Firebase (Hosting, Firestore, Functions, Extensions)	2026-02-27T06:16:18.2185721Z [1m[31mError:[39m[22m Request to https://mobilesdk-pa.googleapis.com/v1/projects/***/products had HTTP Error: 403, Mobile SDK API has not been used in project *** before or it is disabled. Enable it by visiting https://console.developers.google.com/apis/api/mobilesdk-pa.googleapis.com/overview?project=*** then retry. If you enabled this API recently, wait a few minutes for the action to propagate to our systems and retry.
deploy	Deploy to Firebase (Hosting, Firestore, Functions, Extensions)	2026-02-27T06:16:18.4132930Z [36m[1mi  extensions:[22m[39m Verifying secret params for [1mfirestore-send-email[22m
deploy	Deploy to Firebase (Hosting, Firestore, Functions, Extensions)	2026-02-27T06:16:18.4151434Z (node:3885) PromiseRejectionHandledWarning: Promise rejection was handled asynchronously (rejection id: 2)
deploy	Deploy to Firebase (Hosting, Firestore, Functions, Extensions)	2026-02-27T06:16:18.4152716Z (Use `node --trace-warnings ...` to show where the warning was created)
deploy	Deploy to Firebase (Hosting, Firestore, Functions, Extensions)	2026-02-27T06:16:18.5078747Z ##[error]Process completed with exit code 1.
deploy	Post Authenticate to Google Cloud	﻿2026-02-27T06:16:18.5164546Z Post job cleanup.
deploy	Post Authenticate to Google Cloud	2026-02-27T06:16:18.5929574Z Removed exported credentials at "/home/runner/work/OmniTask/OmniTask/gha-creds-d51642a635009526.json".
deploy	Post Checkout code	﻿2026-02-27T06:16:18.6010443Z Post job cleanup.
deploy	Post Checkout code	2026-02-27T06:16:18.6872590Z [command]/usr/bin/git version
deploy	Post Checkout code	2026-02-27T06:16:18.6911100Z git version 2.53.0
deploy	Post Checkout code	2026-02-27T06:16:18.6950640Z Temporarily overriding HOME='/home/runner/work/_temp/d1ca6d00-e542-4380-8da7-447a66454a24' before making global git config changes
deploy	Post Checkout code	2026-02-27T06:16:18.6952165Z Adding repository directory to the temporary git global config as a safe directory
deploy	Post Checkout code	2026-02-27T06:16:18.6964637Z [command]/usr/bin/git config --global --add safe.directory /home/runner/work/OmniTask/OmniTask
deploy	Post Checkout code	2026-02-27T06:16:18.6997519Z [command]/usr/bin/git config --local --name-only --get-regexp core\.sshCommand
deploy	Post Checkout code	2026-02-27T06:16:18.7027038Z [command]/usr/bin/git submodule foreach --recursive sh -c "git config --local --name-only --get-regexp 'core\.sshCommand' && git config --local --unset-all 'core.sshCommand' || :"
deploy	Post Checkout code	2026-02-27T06:16:18.7224951Z [command]/usr/bin/git config --local --name-only --get-regexp http\.https\:\/\/github\.com\/\.extraheader
deploy	Post Checkout code	2026-02-27T06:16:18.7243864Z http.https://github.com/.extraheader
deploy	Post Checkout code	2026-02-27T06:16:18.7256295Z [command]/usr/bin/git config --local --unset-all http.https://github.com/.extraheader
deploy	Post Checkout code	2026-02-27T06:16:18.7283313Z [command]/usr/bin/git submodule foreach --recursive sh -c "git config --local --name-only --get-regexp 'http\.https\:\/\/github\.com\/\.extraheader' && git config --local --unset-all 'http.https://github.com/.extraheader' || :"
deploy	Post Checkout code	2026-02-27T06:16:18.7478051Z [command]/usr/bin/git config --local --name-only --get-regexp ^includeIf\.gitdir:
deploy	Post Checkout code	2026-02-27T06:16:18.7505551Z [command]/usr/bin/git submodule foreach --recursive git config --local --show-origin --name-only --get-regexp remote.origin.url
deploy	Complete job	﻿2026-02-27T06:16:18.7797087Z Cleaning up orphan processes
